chrom	start	end	region_id	values
chr1	340795	340796	seq_1509	neutral
chr1	1647004	1647005	seq_929	activating
chr1	3154913	3154914	seq_2248	neutral
chr1	6642623	6642624	seq_2017	neutral
chr1	8077895	8077896	seq_934	neutral
chr1	8181155	8181156	seq_547	activating
chr1	8577879	8577880	seq_1941	neutral
chr1	8612078	8612079	seq_1828	neutral
chr1	8623739	8623740	seq_2079	neutral
chr1	12094717	12094718	seq_787	neutral
chr1	12493615	12493616	seq_265	activating
chr1	12513794	12513795	seq_819	activating
chr1	12533270	12533271	seq_1752	neutral
chr1	15273575	15273576	seq_758	neutral
chr1	15954636	15954637	seq_1153	neutral
chr1	16219865	16219866	seq_216	activating
chr1	17082018	17082019	seq_887	activating
chr1	17095038	17095039	seq_1448	neutral
chr1	21348965	21348966	seq_38	activating
chr1	21395830	21395831	seq_1772	neutral
chr1	21589361	21589362	seq_991	activating
chr1	22001507	22001508	seq_583	activating
chr1	22248139	22248140	seq_1415	neutral
chr1	23474837	23474838	seq_1286	neutral
chr1	23475156	23475157	seq_1530	neutral
chr1	24345276	24345277	seq_1906	neutral
chr1	24345602	24345603	seq_2284	neutral
chr1	24445158	24445159	seq_1313	neutral
chr1	25092132	25092133	seq_351	activating
chr1	25240592	25240593	seq_2187	neutral
chr1	27237051	27237052	seq_972	neutral
chr1	27264744	27264745	seq_2231	neutral
chr1	27754971	27754972	seq_788	activating
chr1	27887232	27887233	seq_2061	neutral
chr1	27890640	27890641	seq_322	activating
chr1	28195641	28195642	seq_2301	neutral
chr1	28575690	28575691	seq_1451	neutral
chr1	29210628	29210629	seq_282	neutral
chr1	29512679	29512680	seq_764	neutral
chr1	31203599	31203600	seq_743	neutral
chr1	31906570	31906571	seq_1656	neutral
chr1	32410551	32410552	seq_1863	neutral
chr1	32865703	32865704	seq_666	neutral
chr1	33812839	33812840	seq_751	neutral
chr1	36733952	36733953	seq_790	neutral
chr1	36738548	36738549	seq_1350	neutral
chr1	36958328	36958329	seq_775	neutral
chr1	36983274	36983275	seq_1701	neutral
chr1	38388662	38388663	seq_2269	neutral
chr1	39624512	39624513	seq_551	activating
chr1	40358581	40358582	seq_620	neutral
chr1	40524420	40524421	seq_1756	neutral
chr1	40526193	40526194	seq_1598	neutral
chr1	40855963	40855964	seq_1071	neutral
chr1	41286713	41286714	seq_242	neutral
chr1	41286755	41286756	seq_247	neutral
chr1	42347920	42347921	seq_808	neutral
chr1	43428642	43428643	seq_1785	neutral
chr1	43445822	43445823	seq_1139	neutral
chr1	44501792	44501793	seq_86	neutral
chr1	44747954	44747955	seq_1494	neutral
chr1	44756667	44756668	seq_658	neutral
chr1	45600159	45600160	seq_435	activating
chr1	45763663	45763664	seq_752	neutral
chr1	46420385	46420386	seq_857	neutral
chr1	46622455	46622456	seq_2174	neutral
chr1	47646991	47646992	seq_229	neutral
chr1	51319302	51319303	seq_710	activating
chr1	52155167	52155168	seq_1328	neutral
chr1	52748744	52748745	seq_1901	neutral
chr1	53626892	53626893	seq_936	neutral
chr1	54843795	54843796	seq_809	neutral
chr1	55895518	55895519	seq_882	neutral
chr1	57375087	57375088	seq_1035	neutral
chr1	57452546	57452547	seq_1283	neutral
chr1	59988998	59988999	seq_2031	neutral
chr1	61479079	61479080	seq_557	neutral
chr1	61605813	61605814	seq_1437	neutral
chr1	61607331	61607332	seq_286	activating
chr1	61649365	61649366	seq_348	activating
chr1	61649660	61649661	seq_1885	neutral
chr1	61668633	61668634	seq_1151	neutral
chr1	61734764	61734765	seq_2095	neutral
chr1	61735665	61735666	seq_1015	neutral
chr1	61764889	61764890	seq_1358	neutral
chr1	61803490	61803491	seq_2056	neutral
chr1	61916393	61916394	seq_1175	activating
chr1	65785635	65785636	seq_572	neutral
chr1	67009063	67009064	seq_816	neutral
chr1	85690981	85690982	seq_907	neutral
chr1	88253484	88253485	seq_1567	neutral
chr1	88260144	88260145	seq_528	neutral
chr1	88261790	88261791	seq_477	activating
chr1	90299886	90299887	seq_1991	neutral
chr1	90372379	90372380	seq_358	activating
chr1	90404061	90404062	seq_395	activating
chr1	93002730	93002731	seq_652	activating
chr1	93003865	93003866	seq_1650	neutral
chr1	94534717	94534718	seq_1860	neutral
chr1	95468601	95468602	seq_1787	neutral
chr1	95482861	95482862	seq_1096	neutral
chr1	100046087	100046088	seq_490	activating
chr1	101048701	101048702	seq_127	activating
chr1	101594153	101594154	seq_1066	neutral
chr1	108142040	108142041	seq_2013	neutral
chr1	110336426	110336427	seq_2076	neutral
chr1	110365156	110365157	seq_342	neutral
chr1	112135049	112135050	seq_2176	neutral
chr1	113493124	113493125	seq_1722	neutral
chr1	114457020	114457021	seq_196	neutral
chr1	117017953	117017954	seq_99	activating
chr1	117050863	117050864	seq_1335	neutral
chr1	117230092	117230093	seq_1746	neutral
chr1	117421278	117421279	seq_1019	activating
chr1	118155624	118155625	seq_719	activating
chr1	118238907	118238908	seq_810	activating
chr1	118390362	118390363	seq_512	neutral
chr1	120359113	120359114	seq_355	activating
chr1	120575004	120575005	seq_1442	neutral
chr1	120771054	120771055	seq_2049	neutral
chr1	143930531	143930532	seq_1798	neutral
chr1	144921827	144921828	seq_362	activating
chr1	145385336	145385337	seq_831	neutral
chr1	146709890	146709891	seq_9	activating
chr1	149759703	149759704	seq_1627	neutral
chr1	150252934	150252935	seq_607	activating
chr1	150949747	150949748	seq_921	neutral
chr1	151035527	151035528	seq_1774	neutral
chr1	154670966	154670967	seq_604	activating
chr1	160976230	160976231	seq_1063	neutral
chr1	162219102	162219103	seq_1633	neutral
chr1	162220719	162220720	seq_1596	neutral
chr1	167517813	167517814	seq_235	neutral
chr1	174235049	174235050	seq_1727	neutral
chr1	174852531	174852532	seq_1203	neutral
chr1	176849189	176849190	seq_65	neutral
chr1	181122274	181122275	seq_913	neutral
chr1	182261110	182261111	seq_10	activating
chr1	183971494	183971495	seq_281	activating
chr1	185319970	185319971	seq_1683	neutral
chr1	191793172	191793173	seq_1140	neutral
chr1	192670293	192670294	seq_26	activating
chr1	197142891	197142892	seq_1864	neutral
chr1	197645253	197645254	seq_413	neutral
chr1	201366028	201366029	seq_2300	neutral
chr1	202056262	202056263	seq_200	activating
chr1	204053569	204053570	seq_2007	neutral
chr1	204062586	204062587	seq_209	activating
chr1	204235813	204235814	seq_91	activating
chr1	204257344	204257345	seq_709	neutral
chr1	205756638	205756639	seq_744	neutral
chr1	207979334	207979335	seq_600	activating
chr1	212376259	212376260	seq_1206	neutral
chr1	213191651	213191652	seq_2006	neutral
chr1	213451102	213451103	seq_2250	neutral
chr1	213907246	213907247	seq_1781	neutral
chr1	213966762	213966763	seq_592	neutral
chr1	214150449	214150450	seq_966	neutral
chr1	220111997	220111998	seq_926	activating
chr1	221889005	221889006	seq_201	activating
chr1	225943071	225943072	seq_1541	neutral
chr1	229002432	229002433	seq_411	activating
chr1	229070808	229070809	seq_1910	neutral
chr1	229071071	229071072	seq_482	activating
chr1	234659357	234659358	seq_2014	neutral
chr1	234719616	234719617	seq_72	neutral
chr1	234736780	234736781	seq_1922	neutral
chr1	234748386	234748387	seq_748	activating
chr1	234749248	234749249	seq_503	activating
chr1	234755510	234755511	seq_2286	neutral
chr1	234776108	234776109	seq_2170	neutral
chr1	234857333	234857334	seq_674	neutral
chr1	234887005	234887006	seq_616	neutral
chr1	235012266	235012267	seq_94	neutral
chr1	235114643	235114644	seq_448	activating
chr1	236676003	236676004	seq_649	neutral
chr1	244464319	244464320	seq_901	neutral
chr1	244488797	244488798	seq_581	neutral
chr1	245082211	245082212	seq_2282	neutral
chr1	246277211	246277212	seq_860	activating
chr1	249220629	249220630	seq_2196	neutral
chr10	834907	834908	seq_225	activating
chr10	3782454	3782455	seq_1946	neutral
chr10	3846213	3846214	seq_834	activating
chr10	3853378	3853379	seq_948	neutral
chr10	3894016	3894017	seq_1700	neutral
chr10	3948445	3948446	seq_960	neutral
chr10	4999268	4999269	seq_1061	activating
chr10	6012531	6012532	seq_635	neutral
chr10	7161420	7161421	seq_1638	neutral
chr10	7728430	7728431	seq_568	neutral
chr10	7742887	7742888	seq_2011	neutral
chr10	11944314	11944315	seq_466	neutral
chr10	11944316	11944317	seq_218	neutral
chr10	11944318	11944319	seq_164	neutral
chr10	12279898	12279899	seq_241	activating
chr10	14577937	14577938	seq_2089	neutral
chr10	15378312	15378313	seq_1247	activating
chr10	15386186	15386187	seq_1266	neutral
chr10	17038399	17038400	seq_283	activating
chr10	21800453	21800454	seq_1753	neutral
chr10	22991557	22991558	seq_1834	neutral
chr10	23336253	23336254	seq_611	activating
chr10	23475887	23475888	seq_1939	neutral
chr10	25210461	25210462	seq_245	neutral
chr10	25277976	25277977	seq_1695	neutral
chr10	25368058	25368059	seq_1008	neutral
chr10	25368059	25368060	seq_1007	neutral
chr10	25782294	25782295	seq_2205	neutral
chr10	28768518	28768519	seq_795	neutral
chr10	32230155	32230156	seq_1197	activating
chr10	33485853	33485854	seq_473	activating
chr10	34120881	34120882	seq_873	neutral
chr10	34505356	34505357	seq_1734	neutral
chr10	34505695	34505696	seq_2153	neutral
chr10	45284351	45284352	seq_1178	neutral
chr10	45408935	45408936	seq_566	activating
chr10	45408937	45408938	seq_596	neutral
chr10	45408939	45408940	seq_1034	neutral
chr10	47247762	47247763	seq_659	activating
chr10	51576087	51576088	seq_1244	activating
chr10	52152455	52152456	seq_1090	neutral
chr10	52332708	52332709	seq_1180	neutral
chr10	54137437	54137438	seq_2073	neutral
chr10	54766284	54766285	seq_1537	neutral
chr10	60795883	60795884	seq_474	neutral
chr10	60837805	60837806	seq_1259	neutral
chr10	60869772	60869773	seq_1574	neutral
chr10	62737684	62737685	seq_577	activating
chr10	63597769	63597770	seq_1209	neutral
chr10	63843714	63843715	seq_1012	neutral
chr10	66268086	66268087	seq_728	neutral
chr10	69578183	69578184	seq_2161	neutral
chr10	69578369	69578370	seq_1281	neutral
chr10	70635034	70635035	seq_714	neutral
chr10	70636496	70636497	seq_1013	neutral
chr10	71087860	71087861	seq_1365	neutral
chr10	71850865	71850866	seq_70	activating
chr10	73095572	73095573	seq_1842	neutral
chr10	73395255	73395256	seq_2218	neutral
chr10	73620343	73620344	seq_138	activating
chr10	73620383	73620384	seq_43	activating
chr10	74084031	74084032	seq_522	neutral
chr10	75652574	75652575	seq_488	neutral
chr10	76443758	76443759	seq_1908	neutral
chr10	77523849	77523850	seq_1471	neutral
chr10	77846700	77846701	seq_2264	neutral
chr10	78057946	78057947	seq_2060	neutral
chr10	79669725	79669726	seq_69	activating
chr10	79669770	79669771	seq_123	activating
chr10	80832026	80832027	seq_1078	activating
chr10	80853641	80853642	seq_1130	neutral
chr10	80864944	80864945	seq_2053	neutral
chr10	80871410	80871411	seq_157	activating
chr10	80917534	80917535	seq_4	activating
chr10	80937046	80937047	seq_1168	neutral
chr10	80946027	80946028	seq_772	activating
chr10	87839086	87839087	seq_856	neutral
chr10	93316684	93316685	seq_316	activating
chr10	94457143	94457144	seq_1553	neutral
chr10	94513797	94513798	seq_1089	neutral
chr10	94516166	94516167	seq_133	activating
chr10	97239962	97239963	seq_2143	neutral
chr10	97291359	97291360	seq_1340	neutral
chr10	98731421	98731422	seq_2221	neutral
chr10	99409280	99409281	seq_829	neutral
chr10	101433209	101433210	seq_1065	activating
chr10	104881348	104881349	seq_1949	neutral
chr10	105456396	105456397	seq_292	activating
chr10	106107207	106107208	seq_1693	neutral
chr10	108785664	108785665	seq_1501	neutral
chr10	111734815	111734816	seq_1680	neutral
chr10	114154405	114154406	seq_745	activating
chr10	114154499	114154500	seq_412	neutral
chr10	114323314	114323315	seq_1293	neutral
chr10	114418777	114418778	seq_2173	neutral
chr10	114419280	114419281	seq_2159	neutral
chr10	114498495	114498496	seq_1610	neutral
chr10	114498766	114498767	seq_632	neutral
chr10	114501665	114501666	seq_1612	neutral
chr10	114502108	114502109	seq_2068	neutral
chr10	114659236	114659237	seq_2223	neutral
chr10	114820094	114820095	seq_561	activating
chr10	118706834	118706835	seq_357	activating
chr10	120891113	120891114	seq_1613	neutral
chr10	121514648	121514649	seq_2192	neutral
chr10	123804346	123804347	seq_2113	neutral
chr10	124063726	124063727	seq_1550	neutral
chr10	126330179	126330180	seq_1771	neutral
chr10	126429087	126429088	seq_2226	neutral
chr11	3190990	3190991	seq_2115	neutral
chr11	11882213	11882214	seq_1373	neutral
chr11	12138148	12138149	seq_176	activating
chr11	12214885	12214886	seq_2285	neutral
chr11	12745316	12745317	seq_2087	neutral
chr11	12836449	12836450	seq_1918	neutral
chr11	12876611	12876612	seq_1261	neutral
chr11	13127056	13127057	seq_897	neutral
chr11	14606331	14606332	seq_1098	neutral
chr11	14639811	14639812	seq_533	activating
chr11	14641571	14641572	seq_1117	neutral
chr11	16170055	16170056	seq_1958	neutral
chr11	16381101	16381102	seq_2047	neutral
chr11	16826652	16826653	seq_536	neutral
chr11	20032344	20032345	seq_1880	neutral
chr11	20389313	20389314	seq_64	activating
chr11	20390217	20390218	seq_1165	neutral
chr11	22696274	22696275	seq_914	activating
chr11	22697915	22697916	seq_1564	neutral
chr11	22700662	22700663	seq_1435	neutral
chr11	27442448	27442449	seq_717	neutral
chr11	32408491	32408492	seq_75	neutral
chr11	34449468	34449469	seq_1725	neutral
chr11	34455853	34455854	seq_2222	neutral
chr11	34625285	34625286	seq_359	neutral
chr11	34662006	34662007	seq_319	activating
chr11	34847425	34847426	seq_893	neutral
chr11	36137148	36137149	seq_734	neutral
chr11	46015803	46015804	seq_1706	neutral
chr11	46017199	46017200	seq_1793	neutral
chr11	46261596	46261597	seq_1959	neutral
chr11	47006616	47006617	seq_2169	neutral
chr11	47968678	47968679	seq_341	neutral
chr11	48028319	48028320	seq_240	neutral
chr11	57747431	57747432	seq_1778	neutral
chr11	60926337	60926338	seq_757	neutral
chr11	61739519	61739520	seq_20	activating
chr11	61739560	61739561	seq_2232	neutral
chr11	63630578	63630579	seq_668	activating
chr11	63647260	63647261	seq_963	neutral
chr11	64653093	64653094	seq_1512	neutral
chr11	64653095	64653096	seq_1696	neutral
chr11	65264975	65264976	seq_21	activating
chr11	65683306	65683307	seq_146	activating
chr11	67893946	67893947	seq_1460	neutral
chr11	69235513	69235514	seq_149	activating
chr11	69264691	69264692	seq_291	activating
chr11	70863939	70863940	seq_806	neutral
chr11	71750513	71750514	seq_1826	neutral
chr11	73024111	73024112	seq_1995	neutral
chr11	82718671	82718672	seq_1645	neutral
chr11	94465562	94465563	seq_1432	neutral
chr11	95747638	95747639	seq_1502	neutral
chr11	95858453	95858454	seq_300	activating
chr11	102064094	102064095	seq_1818	neutral
chr11	102065116	102065117	seq_2199	neutral
chr11	107279576	107279577	seq_472	neutral
chr11	111204821	111204822	seq_1312	neutral
chr11	111794417	111794418	seq_398	activating
chr11	111859333	111859334	seq_628	activating
chr11	112173221	112173222	seq_700	activating
chr11	113505829	113505830	seq_1439	neutral
chr11	115151555	115151556	seq_1323	neutral
chr11	115280573	115280574	seq_1325	activating
chr11	115348233	115348234	seq_1540	neutral
chr11	116299750	116299751	seq_2091	neutral
chr11	116679704	116679705	seq_1366	neutral
chr11	118111979	118111980	seq_1999	neutral
chr11	118286631	118286632	seq_715	activating
chr11	118788628	118788629	seq_2293	neutral
chr11	119239207	119239208	seq_223	activating
chr11	120088818	120088819	seq_139	activating
chr11	120938297	120938298	seq_256	activating
chr11	125985963	125985964	seq_1716	neutral
chr11	125986674	125986675	seq_2271	neutral
chr11	126017863	126017864	seq_115	activating
chr11	126027675	126027676	seq_783	neutral
chr11	126055352	126055353	seq_2032	neutral
chr11	129129914	129129915	seq_230	activating
chr11	129947686	129947687	seq_1637	neutral
chr12	4498013	4498014	seq_408	neutral
chr12	6445590	6445591	seq_1737	neutral
chr12	9916849	9916850	seq_459	activating
chr12	12558420	12558421	seq_1102	neutral
chr12	13724326	13724327	seq_1453	neutral
chr12	15782260	15782261	seq_23	activating
chr12	20783193	20783194	seq_973	neutral
chr12	24908176	24908177	seq_1849	neutral
chr12	24909815	24909816	seq_1554	neutral
chr12	25429303	25429304	seq_301	activating
chr12	26971805	26971806	seq_1070	activating
chr12	46613731	46613732	seq_1124	neutral
chr12	46785254	46785255	seq_1649	neutral
chr12	46887779	46887780	seq_1459	neutral
chr12	46950044	46950045	seq_2016	neutral
chr12	47508610	47508611	seq_1859	neutral
chr12	49486529	49486530	seq_293	neutral
chr12	50067696	50067697	seq_1465	neutral
chr12	50481277	50481278	seq_1137	neutral
chr12	50481492	50481493	seq_1499	neutral
chr12	50665249	50665250	seq_1228	neutral
chr12	50942830	50942831	seq_333	activating
chr12	51413324	51413325	seq_1280	neutral
chr12	53321320	53321321	seq_429	activating
chr12	54656375	54656376	seq_1544	neutral
chr12	54679907	54679908	seq_631	neutral
chr12	54695072	54695073	seq_1093	neutral
chr12	54746977	54746978	seq_1954	neutral
chr12	62667371	62667372	seq_906	activating
chr12	64343866	64343867	seq_1334	neutral
chr12	66050491	66050492	seq_874	neutral
chr12	66286152	66286153	seq_2001	neutral
chr12	66289680	66289681	seq_1974	neutral
chr12	66320110	66320111	seq_633	activating
chr12	66324036	66324037	seq_102	activating
chr12	66355906	66355907	seq_1385	neutral
chr12	69811833	69811834	seq_361	activating
chr12	71930139	71930140	seq_1867	neutral
chr12	76103378	76103379	seq_1183	activating
chr12	76303824	76303825	seq_1887	neutral
chr12	76371899	76371900	seq_5	activating
chr12	77181440	77181441	seq_1689	neutral
chr12	77181442	77181443	seq_1040	neutral
chr12	79954153	79954154	seq_1277	neutral
chr12	81530735	81530736	seq_1948	neutral
chr12	89750706	89750707	seq_1883	neutral
chr12	89784001	89784002	seq_1230	neutral
chr12	89969353	89969354	seq_545	activating
chr12	90026366	90026367	seq_1542	neutral
chr12	92542978	92542979	seq_2131	neutral
chr12	93338231	93338232	seq_1115	activating
chr12	93708456	93708457	seq_125	activating
chr12	94131165	94131166	seq_1775	neutral
chr12	94546645	94546646	seq_2225	neutral
chr12	96157671	96157672	seq_2127	neutral
chr12	97950746	97950747	seq_997	activating
chr12	97989286	97989287	seq_214	activating
chr12	102819126	102819127	seq_1131	neutral
chr12	103279242	103279243	seq_347	activating
chr12	103292673	103292674	seq_1126	neutral
chr12	104613296	104613297	seq_194	activating
chr12	104992804	104992805	seq_2043	neutral
chr12	107234254	107234255	seq_842	activating
chr12	109080603	109080604	seq_1955	neutral
chr12	109083564	109083565	seq_2051	neutral
chr12	109083724	109083725	seq_937	activating
chr12	110024895	110024896	seq_1384	neutral
chr12	110175656	110175657	seq_206	activating
chr12	110191006	110191007	seq_2041	neutral
chr12	110386756	110386757	seq_1952	neutral
chr12	111013370	111013371	seq_250	activating
chr12	111029752	111029753	seq_336	neutral
chr12	111847414	111847415	seq_303	neutral
chr12	112215727	112215728	seq_1457	neutral
chr12	112569151	112569152	seq_955	activating
chr12	112824829	112824830	seq_1420	neutral
chr12	113674892	113674893	seq_1536	neutral
chr12	113683707	113683708	seq_1260	neutral
chr12	114087267	114087268	seq_760	neutral
chr12	114205036	114205037	seq_1678	neutral
chr12	114370843	114370844	seq_197	neutral
chr12	115864166	115864167	seq_587	neutral
chr12	116793076	116793077	seq_1980	neutral
chr12	120103578	120103579	seq_88	neutral
chr12	120668331	120668332	seq_1380	neutral
chr12	122067840	122067841	seq_881	neutral
chr12	122071278	122071279	seq_598	activating
chr12	122610851	122610852	seq_1964	neutral
chr12	122681425	122681426	seq_590	neutral
chr12	127568094	127568095	seq_569	activating
chr12	131310552	131310553	seq_1200	neutral
chr13	24204936	24204937	seq_1768	neutral
chr13	24205109	24205110	seq_1681	neutral
chr13	24327425	24327426	seq_2195	neutral
chr13	27543130	27543131	seq_1305	neutral
chr13	27597067	27597068	seq_1145	neutral
chr13	28966714	28966715	seq_328	activating
chr13	28966783	28966784	seq_902	neutral
chr13	28982852	28982853	seq_505	neutral
chr13	30497209	30497210	seq_919	neutral
chr13	30803278	30803279	seq_2057	neutral
chr13	33847114	33847115	seq_1113	neutral
chr13	34187125	34187126	seq_1189	neutral
chr13	41549515	41549516	seq_979	neutral
chr13	42222681	42222682	seq_169	activating
chr13	50693980	50693981	seq_1546	neutral
chr13	52207113	52207114	seq_1298	neutral
chr13	52212932	52212933	seq_2033	neutral
chr13	52678552	52678553	seq_1814	neutral
chr13	74802133	74802134	seq_52	activating
chr13	92014382	92014383	seq_405	activating
chr13	94418023	94418024	seq_2188	neutral
chr13	94418277	94418278	seq_685	neutral
chr13	97879537	97879538	seq_1447	neutral
chr13	97909636	97909637	seq_1371	neutral
chr13	97913989	97913990	seq_2080	neutral
chr13	97960699	97960700	seq_219	activating
chr14	20770406	20770407	seq_562	neutral
chr14	21529145	21529146	seq_1760	neutral
chr14	23217677	23217678	seq_1426	neutral
chr14	25340764	25340765	seq_1240	neutral
chr14	25345898	25345899	seq_1237	neutral
chr14	25504591	25504592	seq_675	activating
chr14	31502172	31502173	seq_2240	neutral
chr14	31731591	31731592	seq_1464	neutral
chr14	32553224	32553225	seq_385	activating
chr14	34386551	34386552	seq_110	neutral
chr14	34920538	34920539	seq_1789	neutral
chr14	35804891	35804892	seq_1450	neutral
chr14	35804930	35804931	seq_1578	neutral
chr14	35843726	35843727	seq_855	neutral
chr14	37715963	37715964	seq_1854	neutral
chr14	37935707	37935708	seq_1711	neutral
chr14	37935806	37935807	seq_1461	neutral
chr14	37936032	37936033	seq_271	activating
chr14	37936182	37936183	seq_1032	neutral
chr14	37963168	37963169	seq_900	neutral
chr14	38055698	38055699	seq_2064	neutral
chr14	38179558	38179559	seq_2067	neutral
chr14	38181395	38181396	seq_1590	neutral
chr14	38260592	38260593	seq_1569	neutral
chr14	39646778	39646779	seq_2062	neutral
chr14	44247594	44247595	seq_1589	neutral
chr14	44370081	44370082	seq_1714	neutral
chr14	51343509	51343510	seq_1807	neutral
chr14	51393851	51393852	seq_730	neutral
chr14	51402493	51402494	seq_314	activating
chr14	52001252	52001253	seq_1504	neutral
chr14	53615708	53615709	seq_824	neutral
chr14	54349800	54349801	seq_1754	neutral
chr14	54409614	54409615	seq_1084	neutral
chr14	54605540	54605541	seq_145	activating
chr14	55119272	55119273	seq_2029	neutral
chr14	55120964	55120965	seq_2274	neutral
chr14	55850762	55850763	seq_699	neutral
chr14	56060518	56060519	seq_884	neutral
chr14	56686793	56686794	seq_935	neutral
chr14	56806875	56806876	seq_325	activating
chr14	58739495	58739496	seq_46	activating
chr14	59772609	59772610	seq_1675	neutral
chr14	61991297	61991298	seq_2107	neutral
chr14	62004331	62004332	seq_318	activating
chr14	64968409	64968410	seq_1199	neutral
chr14	65173411	65173412	seq_2123	neutral
chr14	65173474	65173475	seq_868	neutral
chr14	65539734	65539735	seq_1874	neutral
chr14	65722277	65722278	seq_1020	neutral
chr14	67885829	67885830	seq_49	neutral
chr14	68631535	68631536	seq_2114	neutral
chr14	68639544	68639545	seq_450	activating
chr14	68640493	68640494	seq_1951	neutral
chr14	68648336	68648337	seq_2020	neutral
chr14	68648969	68648970	seq_1873	neutral
chr14	68745766	68745767	seq_1582	neutral
chr14	69029820	69029821	seq_1370	neutral
chr14	69030339	69030340	seq_2119	neutral
chr14	69065129	69065130	seq_1624	neutral
chr14	69074263	69074264	seq_597	neutral
chr14	69087003	69087004	seq_363	neutral
chr14	69087238	69087239	seq_2241	neutral
chr14	69251314	69251315	seq_48	activating
chr14	69405533	69405534	seq_116	activating
chr14	69422213	69422214	seq_1255	neutral
chr14	70115400	70115401	seq_1933	neutral
chr14	70151862	70151863	seq_1632	neutral
chr14	70318509	70318510	seq_2216	neutral
chr14	71803394	71803395	seq_782	activating
chr14	73290215	73290216	seq_927	neutral
chr14	74048504	74048505	seq_1990	neutral
chr14	74601051	74601052	seq_1106	neutral
chr14	75365593	75365594	seq_140	activating
chr14	77624713	77624714	seq_374	activating
chr14	77856698	77856699	seq_277	activating
chr14	78147934	78147935	seq_1225	neutral
chr14	78359570	78359571	seq_493	neutral
chr14	81769832	81769833	seq_109	activating
chr14	87358977	87358978	seq_828	activating
chr14	87364379	87364380	seq_1223	neutral
chr14	89080314	89080315	seq_621	activating
chr14	89680862	89680863	seq_1346	neutral
chr14	89835198	89835199	seq_1316	neutral
chr14	89923473	89923474	seq_1095	neutral
chr14	91270305	91270306	seq_593	neutral
chr14	94929748	94929749	seq_1708	neutral
chr14	96008766	96008767	seq_1434	neutral
chr14	97005477	97005478	seq_773	activating
chr14	99782675	99782676	seq_1892	neutral
chr14	99782922	99782923	seq_366	activating
chr14	100019154	100019155	seq_184	activating
chr14	100038100	100038101	seq_2202	neutral
chr14	100607051	100607052	seq_2291	neutral
chr14	101283128	101283129	seq_651	activating
chr14	102176689	102176690	seq_1935	neutral
chr15	27425821	27425822	seq_563	neutral
chr15	37312110	37312111	seq_1800	neutral
chr15	37327774	37327775	seq_1551	neutral
chr15	37348568	37348569	seq_647	neutral
chr15	39650848	39650849	seq_1597	neutral
chr15	40384580	40384581	seq_2204	neutral
chr15	41038006	41038007	seq_425	neutral
chr15	41860810	41860811	seq_274	activating
chr15	42571726	42571727	seq_1462	neutral
chr15	42888238	42888239	seq_982	activating
chr15	45112844	45112845	seq_1531	neutral
chr15	45461653	45461654	seq_489	neutral
chr15	45640343	45640344	seq_768	activating
chr15	50636575	50636576	seq_1647	neutral
chr15	51011011	51011012	seq_243	activating
chr15	53326060	53326061	seq_1167	neutral
chr15	53747330	53747331	seq_1929	neutral
chr15	57770150	57770151	seq_1938	neutral
chr15	57788448	57788449	seq_1318	activating
chr15	58821056	58821057	seq_1466	neutral
chr15	58843998	58843999	seq_1436	neutral
chr15	59584786	59584787	seq_846	neutral
chr15	59622057	59622058	seq_1394	neutral
chr15	59622058	59622059	seq_1393	neutral
chr15	61044498	61044499	seq_2191	neutral
chr15	64186518	64186519	seq_2268	neutral
chr15	64509107	64509108	seq_1092	neutral
chr15	64525712	64525713	seq_1969	neutral
chr15	64722601	64722602	seq_1345	neutral
chr15	64799863	64799864	seq_1463	neutral
chr15	64928158	64928159	seq_1765	neutral
chr15	65186443	65186444	seq_827	neutral
chr15	65186445	65186446	seq_980	neutral
chr15	67062984	67062985	seq_143	activating
chr15	67354957	67354958	seq_189	activating
chr15	67413541	67413542	seq_679	neutral
chr15	67427991	67427992	seq_105	activating
chr15	70909630	70909631	seq_168	activating
chr15	71949399	71949400	seq_1202	neutral
chr15	75929473	75929474	seq_2273	neutral
chr15	80453124	80453125	seq_370	activating
chr15	80752205	80752206	seq_1074	neutral
chr15	81316281	81316282	seq_525	neutral
chr15	81400756	81400757	seq_2243	neutral
chr15	81456946	81456947	seq_1773	neutral
chr15	85591004	85591005	seq_1717	neutral
chr15	89664974	89664975	seq_1973	neutral
chr15	89668537	89668538	seq_537	neutral
chr15	90352626	90352627	seq_170	activating
chr15	90578901	90578902	seq_345	activating
chr15	91388566	91388567	seq_915	activating
chr15	93363724	93363725	seq_118	neutral
chr15	93363726	93363727	seq_236	activating
chr15	93451391	93451392	seq_2078	neutral
chr15	96727284	96727285	seq_1038	neutral
chr15	96727355	96727356	seq_324	activating
chr15	96804998	96804999	seq_337	activating
chr15	101262382	101262383	seq_1067	neutral
chr15	101708410	101708411	seq_444	neutral
chr15	102068623	102068624	seq_864	activating
chr15	102498407	102498408	seq_2198	neutral
chr16	676987	676988	seq_765	activating
chr16	2083212	2083213	seq_1141	neutral
chr16	4144418	4144419	seq_1622	neutral
chr16	12378970	12378971	seq_836	neutral
chr16	12710474	12710475	seq_822	neutral
chr16	13363936	13363937	seq_1671	neutral
chr16	14004081	14004082	seq_2288	neutral
chr16	14400403	14400404	seq_1005	activating
chr16	14592023	14592024	seq_233	activating
chr16	15703611	15703612	seq_1809	neutral
chr16	17107592	17107593	seq_79	activating
chr16	18532420	18532421	seq_1837	neutral
chr16	18638110	18638111	seq_885	activating
chr16	18923854	18923855	seq_1728	neutral
chr16	19122959	19122960	seq_2003	neutral
chr16	20610106	20610107	seq_688	neutral
chr16	21452546	21452547	seq_2025	neutral
chr16	21452576	21452577	seq_1599	neutral
chr16	21513910	21513911	seq_800	neutral
chr16	21513914	21513915	seq_518	neutral
chr16	21517644	21517645	seq_2220	neutral
chr16	21522980	21522981	seq_396	activating
chr16	22227809	22227810	seq_198	neutral
chr16	23912783	23912784	seq_73	neutral
chr16	24748869	24748870	seq_1289	neutral
chr16	25011238	25011239	seq_2150	neutral
chr16	29283615	29283616	seq_950	neutral
chr16	29677882	29677883	seq_539	neutral
chr16	29677884	29677885	seq_1937	neutral
chr16	29677886	29677887	seq_516	neutral
chr16	46916070	46916071	seq_1033	neutral
chr16	47660288	47660289	seq_1670	neutral
chr16	52418841	52418842	seq_462	neutral
chr16	52490141	52490142	seq_1944	neutral
chr16	52607725	52607726	seq_309	activating
chr16	53164049	53164050	seq_2246	neutral
chr16	54025089	54025090	seq_2252	neutral
chr16	54025736	54025737	seq_1171	neutral
chr16	54025819	54025820	seq_1881	neutral
chr16	54100828	54100829	seq_1050	neutral
chr16	54114797	54114798	seq_896	neutral
chr16	55605250	55605251	seq_872	activating
chr16	56443304	56443305	seq_1947	neutral
chr16	56846987	56846988	seq_502	activating
chr16	56851372	56851373	seq_1538	neutral
chr16	57314774	57314775	seq_1163	neutral
chr16	58884334	58884335	seq_943	neutral
chr16	67275296	67275297	seq_332	activating
chr16	67834509	67834510	seq_1362	neutral
chr16	67993604	67993605	seq_580	activating
chr16	68310076	68310077	seq_2259	neutral
chr16	69438602	69438603	seq_769	activating
chr16	69501853	69501854	seq_911	neutral
chr16	69855269	69855270	seq_1232	neutral
chr16	71606871	71606872	seq_32	activating
chr16	71606877	71606878	seq_166	activating
chr16	72911197	72911198	seq_1122	activating
chr16	72957997	72957998	seq_1449	neutral
chr16	73066819	73066820	seq_1336	neutral
chr16	73070020	73070021	seq_1057	neutral
chr16	73087488	73087489	seq_1284	neutral
chr16	73088728	73088729	seq_1928	neutral
chr16	73089340	73089341	seq_2166	neutral
chr16	75342958	75342959	seq_1816	neutral
chr16	78517497	78517498	seq_871	neutral
chr16	78518384	78518385	seq_1823	neutral
chr16	78791203	78791204	seq_1539	neutral
chr16	79908600	79908601	seq_771	neutral
chr16	79931700	79931701	seq_204	activating
chr16	80005029	80005030	seq_24	activating
chr16	80061195	80061196	seq_1355	neutral
chr16	80441336	80441337	seq_101	activating
chr16	81626036	81626037	seq_117	activating
chr16	84571428	84571429	seq_1010	neutral
chr16	85576947	85576948	seq_1811	neutral
chr16	86135085	86135086	seq_1699	neutral
chr16	88571414	88571415	seq_1378	neutral
chr16	88866492	88866493	seq_1254	neutral
chr16	89070722	89070723	seq_137	activating
chr16	89554816	89554817	seq_1830	neutral
chr16	89639139	89639140	seq_2019	neutral
chr17	500206	500207	seq_998	neutral
chr17	2302346	2302347	seq_2254	neutral
chr17	2302348	2302349	seq_161	activating
chr17	3545316	3545317	seq_1664	neutral
chr17	3906825	3906826	seq_1843	neutral
chr17	6699558	6699559	seq_34	activating
chr17	8547497	8547498	seq_334	activating
chr17	10352830	10352831	seq_2141	neutral
chr17	13314593	13314594	seq_1456	neutral
chr17	16147063	16147064	seq_2224	neutral
chr17	16201860	16201861	seq_863	activating
chr17	16301733	16301734	seq_1081	neutral
chr17	17319937	17319938	seq_126	activating
chr17	18649666	18649667	seq_1086	neutral
chr17	18885429	18885430	seq_1943	neutral
chr17	25787723	25787724	seq_2099	neutral
chr17	25901094	25901095	seq_360	activating
chr17	26359639	26359640	seq_1024	neutral
chr17	26361452	26361453	seq_423	activating
chr17	26432770	26432771	seq_356	neutral
chr17	26651458	26651459	seq_716	neutral
chr17	27135124	27135125	seq_665	neutral
chr17	27467569	27467570	seq_1665	neutral
chr17	27485909	27485910	seq_487	activating
chr17	27966476	27966477	seq_2008	neutral
chr17	27981572	27981573	seq_1616	neutral
chr17	28067109	28067110	seq_1889	neutral
chr17	29405499	29405500	seq_2277	neutral
chr17	32198855	32198856	seq_1363	neutral
chr17	32198924	32198925	seq_755	neutral
chr17	32231696	32231697	seq_1433	neutral
chr17	33211887	33211888	seq_1301	neutral
chr17	33903453	33903454	seq_485	neutral
chr17	34040385	34040386	seq_2145	neutral
chr17	35078326	35078327	seq_1319	neutral
chr17	35084436	35084437	seq_1529	neutral
chr17	35855025	35855026	seq_1414	neutral
chr17	36043763	36043764	seq_2279	neutral
chr17	36058456	36058457	seq_494	activating
chr17	36077329	36077330	seq_1985	neutral
chr17	36513865	36513866	seq_1685	neutral
chr17	36769928	36769929	seq_2121	neutral
chr17	37071486	37071487	seq_591	activating
chr17	38271073	38271074	seq_1176	neutral
chr17	38673268	38673269	seq_2002	neutral
chr17	38692824	38692825	seq_1160	neutral
chr17	39934029	39934030	seq_1674	neutral
chr17	40420569	40420570	seq_1500	neutral
chr17	40533305	40533306	seq_1770	neutral
chr17	40637294	40637295	seq_2215	neutral
chr17	40927779	40927780	seq_1523	neutral
chr17	41018449	41018450	seq_617	activating
chr17	41046513	41046514	seq_258	activating
chr17	41527349	41527350	seq_1766	neutral
chr17	41631086	41631087	seq_1628	neutral
chr17	41747626	41747627	seq_2212	neutral
chr17	42172998	42172999	seq_1327	neutral
chr17	42287890	42287891	seq_1262	neutral
chr17	42470885	42470886	seq_845	neutral
chr17	43306689	43306690	seq_134	neutral
chr17	43388257	43388258	seq_1030	neutral
chr17	44851721	44851722	seq_249	neutral
chr17	44851723	44851724	seq_1899	neutral
chr17	44851725	44851726	seq_579	neutral
chr17	44851727	44851728	seq_1476	neutral
chr17	44873068	44873069	seq_364	activating
chr17	44886741	44886742	seq_1051	neutral
chr17	45335373	45335374	seq_2021	neutral
chr17	45763863	45763864	seq_677	neutral
chr17	46318944	46318945	seq_1116	neutral
chr17	46388682	46388683	seq_797	activating
chr17	46566270	46566271	seq_310	activating
chr17	46625139	46625140	seq_789	neutral
chr17	46660053	46660054	seq_2092	neutral
chr17	46701721	46701722	seq_1744	neutral
chr17	47817140	47817141	seq_791	activating
chr17	49025138	49025139	seq_1692	neutral
chr17	49055467	49055468	seq_957	neutral
chr17	49134769	49134770	seq_1603	neutral
chr17	49203556	49203557	seq_2082	neutral
chr17	49210556	49210557	seq_1586	neutral
chr17	51826770	51826771	seq_573	neutral
chr17	53145595	53145596	seq_2096	neutral
chr17	53351546	53351547	seq_1786	neutral
chr17	53361156	53361157	seq_2124	neutral
chr17	53489619	53489620	seq_1738	neutral
chr17	53510760	53510761	seq_917	neutral
chr17	53524342	53524343	seq_1934	neutral
chr17	55485871	55485872	seq_947	activating
chr17	55536282	55536283	seq_2048	neutral
chr17	55546754	55546755	seq_1248	neutral
chr17	55595869	55595870	seq_2039	neutral
chr17	55602237	55602238	seq_2155	neutral
chr17	56028357	56028358	seq_1046	neutral
chr17	56458335	56458336	seq_619	neutral
chr17	56473213	56473214	seq_701	neutral
chr17	56475510	56475511	seq_1054	neutral
chr17	56483432	56483433	seq_1184	neutral
chr17	59142865	59142866	seq_335	activating
chr17	59413525	59413526	seq_1219	activating
chr17	59413586	59413587	seq_1930	neutral
chr17	59444171	59444172	seq_2066	neutral
chr17	59538106	59538107	seq_458	neutral
chr17	61117478	61117479	seq_1174	activating
chr17	61514330	61514331	seq_440	activating
chr17	61514332	61514333	seq_499	activating
chr17	61597984	61597985	seq_1080	neutral
chr17	63167860	63167861	seq_1858	neutral
chr17	64337789	64337790	seq_1972	neutral
chr17	64411579	64411580	seq_1721	neutral
chr17	64489619	64489620	seq_720	activating
chr17	65386979	65386980	seq_1321	neutral
chr17	70123029	70123030	seq_1583	neutral
chr17	70417489	70417490	seq_575	activating
chr17	70515371	70515372	seq_1932	neutral
chr17	72770327	72770328	seq_460	activating
chr17	73553792	73553793	seq_1855	neutral
chr17	73642329	73642330	seq_181	activating
chr17	74189496	74189497	seq_1395	neutral
chr17	74190546	74190547	seq_1354	neutral
chr17	74372602	74372603	seq_1475	neutral
chr17	74633842	74633843	seq_586	neutral
chr17	75204221	75204222	seq_1698	neutral
chr17	75303200	75303201	seq_212	activating
chr17	75448943	75448944	seq_1097	neutral
chr17	75450408	75450409	seq_375	activating
chr17	76140151	76140152	seq_1292	neutral
chr17	76417798	76417799	seq_2270	neutral
chr17	79368953	79368954	seq_1427	neutral
chr17	80696329	80696330	seq_387	neutral
chr17	80779304	80779305	seq_2157	neutral
chr18	845362	845363	seq_736	neutral
chr18	3115356	3115357	seq_1570	neutral
chr18	3233129	3233130	seq_1320	neutral
chr18	6373081	6373082	seq_669	neutral
chr18	6683236	6683237	seq_367	neutral
chr18	8628235	8628236	seq_1331	neutral
chr18	10593764	10593765	seq_1658	neutral
chr18	20138985	20138986	seq_409	neutral
chr18	20248157	20248158	seq_84	activating
chr18	20727593	20727594	seq_1468	neutral
chr18	22819845	22819846	seq_807	neutral
chr18	25748229	25748230	seq_484	neutral
chr18	28978406	28978407	seq_1383	neutral
chr18	31050005	31050006	seq_1359	neutral
chr18	32494425	32494426	seq_1782	neutral
chr18	32509635	32509636	seq_1027	neutral
chr18	32559304	32559305	seq_368	activating
chr18	32664893	32664894	seq_1029	neutral
chr18	33043116	33043117	seq_294	neutral
chr18	33282566	33282567	seq_687	neutral
chr18	46131912	46131913	seq_722	neutral
chr18	53415802	53415803	seq_1307	neutral
chr18	53454302	53454303	seq_1653	neutral
chr18	55112878	55112879	seq_594	activating
chr18	55113299	55113300	seq_1018	neutral
chr18	55113454	55113455	seq_78	activating
chr18	55464579	55464580	seq_1707	neutral
chr18	55680863	55680864	seq_726	neutral
chr18	55680890	55680891	seq_1285	neutral
chr18	55681129	55681130	seq_721	activating
chr18	55981119	55981120	seq_1989	neutral
chr18	60118476	60118477	seq_1082	neutral
chr18	60118550	60118551	seq_812	activating
chr18	68004569	68004570	seq_382	activating
chr18	68086568	68086569	seq_1719	neutral
chr19	909469	909470	seq_1185	neutral
chr19	980677	980678	seq_174	neutral
chr19	1030872	1030873	seq_623	neutral
chr19	1836958	1836959	seq_454	neutral
chr19	2577038	2577039	seq_50	activating
chr19	5436376	5436377	seq_471	neutral
chr19	5436378	5436379	seq_629	neutral
chr19	5436380	5436381	seq_433	neutral
chr19	5827506	5827507	seq_1172	neutral
chr19	5913891	5913892	seq_1006	neutral
chr19	6273987	6273988	seq_1890	neutral
chr19	6667182	6667183	seq_2197	neutral
chr19	7463815	7463816	seq_447	neutral
chr19	8483159	8483160	seq_154	neutral
chr19	10207328	10207329	seq_724	neutral
chr19	10875166	10875167	seq_1270	neutral
chr19	13168212	13168213	seq_1489	neutral
chr19	13168224	13168225	seq_2085	neutral
chr19	13180580	13180581	seq_289	neutral
chr19	13510115	13510116	seq_68	activating
chr19	13972712	13972713	seq_445	activating
chr19	18132431	18132432	seq_645	activating
chr19	18852158	18852159	seq_1872	neutral
chr19	33532334	33532335	seq_165	activating
chr19	33592220	33592221	seq_1779	neutral
chr19	33765499	33765500	seq_614	activating
chr19	33767075	33767076	seq_13	activating
chr19	33767391	33767392	seq_994	neutral
chr19	34761096	34761097	seq_144	activating
chr19	35236420	35236421	seq_346	activating
chr19	35771174	35771175	seq_344	activating
chr19	35791350	35791351	seq_475	neutral
chr19	39143995	39143996	seq_1533	neutral
chr19	39176985	39176986	seq_654	activating
chr19	39894259	39894260	seq_862	neutral
chr19	40967934	40967935	seq_2023	neutral
chr19	42711093	42711094	seq_1745	neutral
chr19	42784127	42784128	seq_284	activating
chr19	45353291	45353292	seq_2010	neutral
chr19	46377195	46377196	seq_173	activating
chr19	46386204	46386205	seq_100	activating
chr19	47417294	47417295	seq_612	activating
chr19	47428513	47428514	seq_1369	neutral
chr19	47685767	47685768	seq_465	neutral
chr19	47685771	47685772	seq_426	neutral
chr19	47685773	47685774	seq_192	neutral
chr19	47745118	47745119	seq_2122	neutral
chr19	48016052	48016053	seq_1069	neutral
chr19	48928192	48928193	seq_954	activating
chr19	49639467	49639468	seq_479	activating
chr19	49929422	49929423	seq_1195	neutral
chr19	50057449	50057450	seq_1455	neutral
chr19	51866147	51866148	seq_2185	neutral
chr19	57429794	57429795	seq_1913	neutral
chr2	8243668	8243669	seq_1856	neutral
chr2	9475671	9475672	seq_653	neutral
chr2	10469931	10469932	seq_820	neutral
chr2	10775768	10775769	seq_1149	neutral
chr2	11514447	11514448	seq_1490	neutral
chr2	11516390	11516391	seq_455	neutral
chr2	11639406	11639407	seq_969	neutral
chr2	11647033	11647034	seq_1898	neutral
chr2	12214636	12214637	seq_517	neutral
chr2	12417854	12417855	seq_141	neutral
chr2	12591940	12591941	seq_1047	neutral
chr2	15313563	15313564	seq_1723	neutral
chr2	17760096	17760097	seq_1430	neutral
chr2	19704296	19704297	seq_2210	neutral
chr2	19704492	19704493	seq_1291	neutral
chr2	20739636	20739637	seq_529	activating
chr2	21468596	21468597	seq_2208	neutral
chr2	30687336	30687337	seq_1484	neutral
chr2	33333891	33333892	seq_496	neutral
chr2	36602962	36602963	seq_1193	neutral
chr2	39207985	39207986	seq_732	neutral
chr2	39695176	39695177	seq_556	activating
chr2	39732628	39732629	seq_1532	neutral
chr2	42422850	42422851	seq_264	activating
chr2	42422851	42422852	seq_263	activating
chr2	42423013	42423014	seq_400	activating
chr2	42732012	42732013	seq_578	activating
chr2	43390304	43390305	seq_640	neutral
chr2	43449416	43449417	seq_524	neutral
chr2	43576859	43576860	seq_1111	neutral
chr2	43577129	43577130	seq_798	neutral
chr2	43653518	43653519	seq_468	activating
chr2	45697071	45697072	seq_1662	neutral
chr2	46500510	46500511	seq_618	activating
chr2	46527879	46527880	seq_1833	neutral
chr2	46537111	46537112	seq_859	activating
chr2	46976454	46976455	seq_899	neutral
chr2	47298450	47298451	seq_514	neutral
chr2	47500128	47500129	seq_1936	neutral
chr2	48643006	48643007	seq_1231	neutral
chr2	48676433	48676434	seq_2186	neutral
chr2	54078275	54078276	seq_2136	neutral
chr2	54271009	54271010	seq_1797	neutral
chr2	54436067	54436068	seq_983	neutral
chr2	54817544	54817545	seq_1374	neutral
chr2	54817973	54817974	seq_1579	neutral
chr2	55365814	55365815	seq_1993	neutral
chr2	55687937	55687938	seq_1644	neutral
chr2	58430612	58430613	seq_1114	activating
chr2	62755081	62755082	seq_320	activating
chr2	62870514	62870515	seq_1515	neutral
chr2	62881057	62881058	seq_1431	neutral
chr2	63268948	63268949	seq_2112	neutral
chr2	63963913	63963914	seq_1478	neutral
chr2	64047740	64047741	seq_1986	neutral
chr2	64209031	64209032	seq_1424	neutral
chr2	64876421	64876422	seq_695	neutral
chr2	64877952	64877953	seq_1739	neutral
chr2	69403719	69403720	seq_1036	neutral
chr2	69423777	69423778	seq_2022	neutral
chr2	69430404	69430405	seq_2251	neutral
chr2	69817645	69817646	seq_2134	neutral
chr2	70792422	70792423	seq_1216	neutral
chr2	70792725	70792726	seq_1016	neutral
chr2	74223230	74223231	seq_1235	neutral
chr2	74253691	74253692	seq_1576	neutral
chr2	74276342	74276343	seq_2194	neutral
chr2	75793402	75793403	seq_662	neutral
chr2	84197540	84197541	seq_1966	neutral
chr2	84199435	84199436	seq_534	activating
chr2	85697829	85697830	seq_2046	neutral
chr2	86223922	86223923	seq_814	neutral
chr2	87873083	87873084	seq_2211	neutral
chr2	87929333	87929334	seq_452	neutral
chr2	88438983	88438984	seq_389	neutral
chr2	96871226	96871227	seq_1835	neutral
chr2	97472281	97472282	seq_1605	neutral
chr2	97472283	97472284	seq_2090	neutral
chr2	97472287	97472288	seq_1919	neutral
chr2	99351157	99351158	seq_1611	neutral
chr2	101741675	101741676	seq_1392	neutral
chr2	101945894	101945895	seq_1220	neutral
chr2	102317721	102317722	seq_1581	neutral
chr2	102364288	102364289	seq_1866	neutral
chr2	102406077	102406078	seq_2109	neutral
chr2	102420749	102420750	seq_999	neutral
chr2	112158348	112158349	seq_2156	neutral
chr2	112174008	112174009	seq_558	activating
chr2	112195307	112195308	seq_1657	neutral
chr2	112676174	112676175	seq_974	neutral
chr2	113277285	113277286	seq_754	activating
chr2	113569594	113569595	seq_307	activating
chr2	114046354	114046355	seq_1364	neutral
chr2	120519963	120519964	seq_1682	neutral
chr2	120824895	120824896	seq_603	activating
chr2	121028817	121028818	seq_1000	neutral
chr2	121223860	121223861	seq_898	neutral
chr2	121227617	121227618	seq_1347	neutral
chr2	128168894	128168895	seq_689	activating
chr2	133105244	133105245	seq_1956	neutral
chr2	135117184	135117185	seq_430	activating
chr2	135849453	135849454	seq_203	activating
chr2	138697963	138697964	seq_786	neutral
chr2	138701981	138701982	seq_956	activating
chr2	143627404	143627405	seq_151	activating
chr2	145116972	145116973	seq_1703	neutral
chr2	145201339	145201340	seq_1146	neutral
chr2	145201487	145201488	seq_1264	neutral
chr2	145202200	145202201	seq_2275	neutral
chr2	145266724	145266725	seq_1503	neutral
chr2	145340609	145340610	seq_648	neutral
chr2	146450860	146450861	seq_2178	neutral
chr2	152735561	152735562	seq_511	neutral
chr2	153268237	153268238	seq_2297	neutral
chr2	153270286	153270287	seq_2133	neutral
chr2	153277942	153277943	seq_1868	neutral
chr2	153289105	153289106	seq_1676	neutral
chr2	155306599	155306600	seq_37	activating
chr2	158692770	158692771	seq_552	neutral
chr2	158794706	158794707	seq_813	activating
chr2	158988606	158988607	seq_841	neutral
chr2	160259333	160259334	seq_1315	neutral
chr2	164800702	164800703	seq_1742	neutral
chr2	165568365	165568366	seq_131	activating
chr2	165770781	165770782	seq_2258	neutral
chr2	165790450	165790451	seq_1182	neutral
chr2	168684950	168684951	seq_1425	neutral
chr2	170618250	170618251	seq_1467	neutral
chr2	172368611	172368612	seq_610	neutral
chr2	180208941	180208942	seq_1507	neutral
chr2	182655560	182655561	seq_461	activating
chr2	182809228	182809229	seq_326	activating
chr2	183901028	183901029	seq_2206	neutral
chr2	183924465	183924466	seq_880	activating
chr2	190386910	190386911	seq_702	neutral
chr2	190387249	190387250	seq_1652	neutral
chr2	190413939	190413940	seq_576	activating
chr2	191052251	191052252	seq_1042	neutral
chr2	201245259	201245260	seq_2152	neutral
chr2	201346835	201346836	seq_837	activating
chr2	203359322	203359323	seq_1458	neutral
chr2	208611296	208611297	seq_1607	neutral
chr2	208646695	208646696	seq_2146	neutral
chr2	208661837	208661838	seq_727	neutral
chr2	208684835	208684836	seq_811	activating
chr2	208685000	208685001	seq_1187	neutral
chr2	208685018	208685019	seq_711	activating
chr2	208697137	208697138	seq_1617	neutral
chr2	208710150	208710151	seq_152	activating
chr2	208770774	208770775	seq_2184	neutral
chr2	209406499	209406500	seq_1482	neutral
chr2	213312768	213312769	seq_1921	neutral
chr2	216304893	216304894	seq_449	activating
chr2	216305048	216305049	seq_498	neutral
chr2	216577367	216577368	seq_1487	neutral
chr2	216785173	216785174	seq_1996	neutral
chr2	216830421	216830422	seq_2189	neutral
chr2	217727679	217727680	seq_778	neutral
chr2	217744976	217744977	seq_2235	neutral
chr2	217747687	217747688	seq_1573	neutral
chr2	217747692	217747693	seq_1276	neutral
chr2	219597023	219597024	seq_407	activating
chr2	220374997	220374998	seq_279	neutral
chr2	223437618	223437619	seq_451	activating
chr2	223579831	223579832	seq_2077	neutral
chr2	227026450	227026451	seq_1718	neutral
chr2	227638266	227638267	seq_1191	neutral
chr2	228686127	228686128	seq_2171	neutral
chr2	232477185	232477186	seq_2164	neutral
chr2	232507970	232507971	seq_1357	neutral
chr2	232507972	232507973	seq_1497	neutral
chr2	232527460	232527461	seq_2299	neutral
chr2	232567020	232567021	seq_486	neutral
chr2	235753308	235753309	seq_1805	neutral
chr2	238604170	238604171	seq_1927	neutral
chr2	240218182	240218183	seq_1107	neutral
chr2	241327227	241327228	seq_30	activating
chr2	242743902	242743903	seq_1618	neutral
chr20	344071	344072	seq_1299	neutral
chr20	351758	351759	seq_2280	neutral
chr20	351823	351824	seq_401	neutral
chr20	352812	352813	seq_1297	neutral
chr20	641798	641799	seq_1143	neutral
chr20	653457	653458	seq_481	activating
chr20	3824336	3824337	seq_155	activating
chr20	4948157	4948158	seq_694	activating
chr20	5046060	5046061	seq_1188	neutral
chr20	5098342	5098343	seq_2000	neutral
chr20	5816816	5816817	seq_975	activating
chr20	8136136	8136137	seq_45	activating
chr20	8136141	8136142	seq_106	activating
chr20	8136176	8136177	seq_51	activating
chr20	8171398	8171399	seq_1099	neutral
chr20	10486755	10486756	seq_560	neutral
chr20	10521670	10521671	seq_1161	activating
chr20	10539403	10539404	seq_2236	neutral
chr20	10688421	10688422	seq_1819	neutral
chr20	10691059	10691060	seq_1329	neutral
chr20	13398224	13398225	seq_1496	neutral
chr20	14965918	14965919	seq_984	neutral
chr20	14965938	14965939	seq_329	activating
chr20	14966965	14966966	seq_497	activating
chr20	17660763	17660764	seq_1572	neutral
chr20	20529544	20529545	seq_1982	neutral
chr20	21001586	21001587	seq_779	neutral
chr20	21058690	21058691	seq_1975	neutral
chr20	21115734	21115735	seq_706	activating
chr20	22383476	22383477	seq_796	neutral
chr20	22391444	22391445	seq_1853	neutral
chr20	22410850	22410851	seq_476	neutral
chr20	22411522	22411523	seq_246	activating
chr20	22411976	22411977	seq_1423	neutral
chr20	22471686	22471687	seq_317	activating
chr20	22492644	22492645	seq_1075	neutral
chr20	22504485	22504486	seq_672	activating
chr20	22552287	22552288	seq_1577	neutral
chr20	22561336	22561337	seq_532	neutral
chr20	23417257	23417258	seq_1330	neutral
chr20	30178753	30178754	seq_1077	neutral
chr20	30263137	30263138	seq_2272	neutral
chr20	30263822	30263823	seq_16	neutral
chr20	30297137	30297138	seq_1479	neutral
chr20	31217120	31217121	seq_394	activating
chr20	34771280	34771281	seq_323	activating
chr20	37295187	37295188	seq_112	neutral
chr20	37482992	37482993	seq_1526	neutral
chr20	39665976	39665977	seq_327	neutral
chr20	40298413	40298414	seq_1626	neutral
chr20	40298826	40298827	seq_172	neutral
chr20	42833023	42833024	seq_397	activating
chr20	42999461	42999462	seq_508	neutral
chr20	43039945	43039946	seq_1688	neutral
chr20	43972203	43972204	seq_1132	neutral
chr20	45236126	45236127	seq_1488	neutral
chr20	45303231	45303232	seq_527	neutral
chr20	45303233	45303234	seq_1405	neutral
chr20	45303235	45303236	seq_1011	neutral
chr20	46067725	46067726	seq_1839	neutral
chr20	47470658	47470659	seq_2234	neutral
chr20	47669857	47669858	seq_1672	neutral
chr20	47801771	47801772	seq_823	neutral
chr20	48295316	48295317	seq_1397	neutral
chr20	48302545	48302546	seq_1100	neutral
chr20	48385130	48385131	seq_1757	neutral
chr20	49287218	49287219	seq_1905	neutral
chr20	50264510	50264511	seq_1769	neutral
chr20	50318039	50318040	seq_1777	neutral
chr20	52212481	52212482	seq_1190	neutral
chr20	52268604	52268605	seq_1987	neutral
chr20	52293156	52293157	seq_1445	neutral
chr20	52295040	52295041	seq_1547	neutral
chr20	52296418	52296419	seq_930	activating
chr20	52446711	52446712	seq_186	activating
chr20	52551410	52551411	seq_2105	neutral
chr20	55985254	55985255	seq_1988	neutral
chr20	55990199	55990200	seq_1031	neutral
chr20	56027149	56027150	seq_47	activating
chr20	56983527	56983528	seq_1233	neutral
chr20	57589172	57589173	seq_1788	neutral
chr20	60725001	60725002	seq_2102	neutral
chr20	61587354	61587355	seq_1351	neutral
chr21	16250034	16250035	seq_1998	neutral
chr21	16250291	16250292	seq_946	activating
chr21	30849452	30849453	seq_602	activating
chr21	31008648	31008649	seq_1731	neutral
chr21	36185079	36185080	seq_2028	neutral
chr21	36208358	36208359	seq_890	neutral
chr21	36257073	36257074	seq_1552	neutral
chr21	36299303	36299304	seq_1673	neutral
chr21	36399196	36399197	seq_44	activating
chr21	37326073	37326074	seq_830	neutral
chr21	38233229	38233230	seq_1241	neutral
chr21	38489731	38489732	seq_103	activating
chr21	38711399	38711400	seq_399	neutral
chr21	40290970	40290971	seq_680	activating
chr21	43966051	43966052	seq_2163	neutral
chr21	44817186	44817187	seq_343	activating
chr21	46784065	46784066	seq_369	activating
chr22	20442053	20442054	seq_470	neutral
chr22	21811624	21811625	seq_1028	activating
chr22	24906932	24906933	seq_2100	neutral
chr22	24910320	24910321	seq_712	neutral
chr22	24957537	24957538	seq_1960	neutral
chr22	29261148	29261149	seq_543	activating
chr22	29261149	29261150	seq_541	activating
chr22	29329475	29329476	seq_1548	neutral
chr22	29916981	29916982	seq_606	neutral
chr22	29965302	29965303	seq_331	activating
chr22	30348273	30348274	seq_731	neutral
chr22	30711010	30711011	seq_1215	neutral
chr22	33092863	33092864	seq_1401	neutral
chr22	33204078	33204079	seq_1272	neutral
chr22	36448822	36448823	seq_353	activating
chr22	37428934	37428935	seq_1920	neutral
chr22	37897647	37897648	seq_1924	neutral
chr22	37948870	37948871	seq_128	neutral
chr22	37965563	37965564	seq_93	activating
chr22	38198151	38198152	seq_1473	neutral
chr22	38258850	38258851	seq_910	neutral
chr22	40451626	40451627	seq_2209	neutral
chr22	40586252	40586253	seq_1300	neutral
chr22	41798544	41798545	seq_178	activating
chr22	41850607	41850608	seq_1643	neutral
chr22	42218556	42218557	seq_1776	neutral
chr22	43329963	43329964	seq_660	neutral
chr22	45642366	45642367	seq_63	activating
chr22	46025824	46025825	seq_1108	neutral
chr3	306532	306533	seq_226	activating
chr3	5028452	5028453	seq_850	neutral
chr3	5391172	5391173	seq_18	activating
chr3	8524152	8524153	seq_1310	neutral
chr3	9939732	9939733	seq_422	neutral
chr3	11660461	11660462	seq_878	neutral
chr3	13041036	13041037	seq_1021	neutral
chr3	13303137	13303138	seq_2217	neutral
chr3	24393678	24393679	seq_252	activating
chr3	24405731	24405732	seq_2219	neutral
chr3	24416441	24416442	seq_1205	neutral
chr3	24489942	24489943	seq_2142	neutral
chr3	24493281	24493282	seq_120	activating
chr3	24565107	24565108	seq_2302	neutral
chr3	27400047	27400048	seq_1322	neutral
chr3	30391097	30391098	seq_299	activating
chr3	30638902	30638903	seq_129	activating
chr3	31317202	31317203	seq_1851	neutral
chr3	32881921	32881922	seq_439	activating
chr3	32892308	32892309	seq_1127	activating
chr3	33099226	33099227	seq_1506	neutral
chr3	33978868	33978869	seq_1039	neutral
chr3	33984196	33984197	seq_446	activating
chr3	34053672	34053673	seq_1152	neutral
chr3	37934624	37934625	seq_729	activating
chr3	37950425	37950426	seq_1265	neutral
chr3	37976870	37976871	seq_248	activating
chr3	39680962	39680963	seq_66	activating
chr3	39952949	39952950	seq_1402	neutral
chr3	40408491	40408492	seq_1403	neutral
chr3	40953566	40953567	seq_2160	neutral
chr3	42219991	42219992	seq_1726	neutral
chr3	45224978	45224979	seq_681	neutral
chr3	46590972	46590973	seq_313	neutral
chr3	49387307	49387308	seq_295	neutral
chr3	50204420	50204421	seq_988	neutral
chr3	50577096	50577097	seq_381	neutral
chr3	50628446	50628447	seq_463	neutral
chr3	52926544	52926545	seq_1759	neutral
chr3	57828496	57828497	seq_971	activating
chr3	57978358	57978359	seq_404	activating
chr3	58025426	58025427	seq_1794	neutral
chr3	61017604	61017605	seq_1984	neutral
chr3	66513645	66513646	seq_188	activating
chr3	66527566	66527567	seq_962	activating
chr3	66531722	66531723	seq_2086	neutral
chr3	66532289	66532290	seq_1367	neutral
chr3	67698069	67698070	seq_889	activating
chr3	69229157	69229158	seq_1104	neutral
chr3	69774042	69774043	seq_231	neutral
chr3	71136852	71136853	seq_2201	neutral
chr3	71182734	71182735	seq_1243	neutral
chr3	71257993	71257994	seq_733	activating
chr3	72368499	72368500	seq_624	activating
chr3	78893178	78893179	seq_1926	neutral
chr3	78921905	78921906	seq_1815	neutral
chr3	79042736	79042737	seq_273	activating
chr3	79042862	79042863	seq_1339	neutral
chr3	97711538	97711539	seq_2055	neutral
chr3	97713017	97713018	seq_1556	neutral
chr3	99782700	99782701	seq_330	neutral
chr3	99783090	99783091	seq_776	activating
chr3	100105040	100105041	seq_958	neutral
chr3	105106188	105106189	seq_365	activating
chr3	105528159	105528160	seq_1278	neutral
chr3	110659088	110659089	seq_1342	neutral
chr3	112395760	112395761	seq_849	neutral
chr3	114426025	114426026	seq_656	neutral
chr3	115758619	115758620	seq_2140	neutral
chr3	122084562	122084563	seq_1	activating
chr3	122800650	122800651	seq_1517	neutral
chr3	123474049	123474050	seq_2260	neutral
chr3	123474050	123474051	seq_2261	neutral
chr3	123474151	123474152	seq_664	activating
chr3	123485058	123485059	seq_718	activating
chr3	124354264	124354265	seq_1594	neutral
chr3	124552015	124552016	seq_2168	neutral
chr3	124553978	124553979	seq_2244	neutral
chr3	125298536	125298537	seq_180	activating
chr3	128025891	128025892	seq_1561	neutral
chr3	128215532	128215533	seq_1748	neutral
chr3	128930894	128930895	seq_136	activating
chr3	129112234	129112235	seq_1514	neutral
chr3	129380853	129380854	seq_821	activating
chr3	130105643	130105644	seq_288	activating
chr3	133389419	133389420	seq_82	activating
chr3	134138701	134138702	seq_1493	neutral
chr3	136453315	136453316	seq_377	neutral
chr3	138839854	138839855	seq_1169	neutral
chr3	139020326	139020327	seq_1997	neutral
chr3	141741421	141741422	seq_1072	neutral
chr3	141765797	141765798	seq_2058	neutral
chr3	142660714	142660715	seq_642	activating
chr3	142841991	142841992	seq_1418	neutral
chr3	143002367	143002368	seq_1925	neutral
chr3	148317934	148317935	seq_1194	neutral
chr3	148320173	148320174	seq_244	activating
chr3	149088461	149088462	seq_1712	neutral
chr3	149101364	149101365	seq_1950	neutral
chr3	149325544	149325545	seq_388	activating
chr3	149333818	149333819	seq_1208	neutral
chr3	149563635	149563636	seq_1519	neutral
chr3	150147754	150147755	seq_1245	neutral
chr3	150148075	150148076	seq_2050	neutral
chr3	150475279	150475280	seq_1121	neutral
chr3	151961276	151961277	seq_1267	neutral
chr3	151999262	151999263	seq_1214	neutral
chr3	152033703	152033704	seq_1103	neutral
chr3	152033705	152033706	seq_1236	neutral
chr3	152033707	152033708	seq_961	activating
chr3	152100042	152100043	seq_1625	neutral
chr3	152694243	152694244	seq_1602	neutral
chr3	155052552	155052553	seq_1520	neutral
chr3	156253794	156253795	seq_838	neutral
chr3	156318308	156318309	seq_1257	neutral
chr3	156318310	156318311	seq_976	activating
chr3	156318312	156318313	seq_1147	neutral
chr3	156318314	156318315	seq_964	neutral
chr3	156318316	156318317	seq_1896	neutral
chr3	156833233	156833234	seq_1534	neutral
chr3	168582518	168582519	seq_1242	neutral
chr3	169988515	169988516	seq_663	activating
chr3	170763168	170763169	seq_1387	neutral
chr3	171672312	171672313	seq_1386	activating
chr3	171678869	171678870	seq_1177	neutral
chr3	171685217	171685218	seq_130	activating
chr3	171724780	171724781	seq_1631	neutral
chr3	171820905	171820906	seq_1857	neutral
chr3	171820996	171820997	seq_67	activating
chr3	171856890	171856891	seq_1620	neutral
chr3	177078352	177078353	seq_1138	neutral
chr3	177243966	177243967	seq_1419	neutral
chr3	179006892	179006893	seq_676	neutral
chr3	184067766	184067767	seq_2190	neutral
chr3	185015812	185015813	seq_1914	neutral
chr3	185055205	185055206	seq_1064	neutral
chr3	185775530	185775531	seq_1302	neutral
chr3	185788968	185788969	seq_2012	neutral
chr3	186308541	186308542	seq_886	neutral
chr3	187710095	187710096	seq_1256	neutral
chr3	187744111	187744112	seq_1229	neutral
chr3	188001093	188001094	seq_1957	neutral
chr3	188335938	188335939	seq_510	activating
chr3	190048562	190048563	seq_1565	neutral
chr3	190313881	190313882	seq_742	neutral
chr3	190838896	190838897	seq_1741	neutral
chr3	194215796	194215797	seq_1452	neutral
chr3	195854652	195854653	seq_2177	neutral
chr3	197961456	197961457	seq_735	neutral
chr3	197961738	197961739	seq_1508	neutral
chr4	1008645	1008646	seq_1491	neutral
chr4	1408920	1408921	seq_637	neutral
chr4	1409586	1409587	seq_513	activating
chr4	1875808	1875809	seq_1162	neutral
chr4	2415208	2415209	seq_2289	neutral
chr4	3209416	3209417	seq_1679	neutral
chr4	3786631	3786632	seq_554	activating
chr4	4492516	4492517	seq_1472	neutral
chr4	4492774	4492775	seq_905	neutral
chr4	4661889	4661890	seq_85	activating
chr4	6857894	6857895	seq_478	activating
chr4	6932132	6932133	seq_942	neutral
chr4	8453380	8453381	seq_1806	neutral
chr4	12935604	12935605	seq_1166	neutral
chr4	23866398	23866399	seq_406	activating
chr4	24140073	24140074	seq_891	neutral
chr4	25052538	25052539	seq_904	neutral
chr4	37649967	37649968	seq_255	activating
chr4	38384295	38384296	seq_678	neutral
chr4	38415608	38415609	seq_432	activating
chr4	38415946	38415947	seq_2281	neutral
chr4	38890826	38890827	seq_609	neutral
chr4	38890926	38890927	seq_469	neutral
chr4	38905461	38905462	seq_1227	neutral
chr4	39420791	39420792	seq_306	activating
chr4	39516843	39516844	seq_8	activating
chr4	39516882	39516883	seq_6	activating
chr4	40193943	40193944	seq_939	neutral
chr4	40420673	40420674	seq_253	activating
chr4	48044866	48044867	seq_1608	neutral
chr4	48685976	48685977	seq_417	neutral
chr4	54054813	54054814	seq_1761	neutral
chr4	57276806	57276807	seq_839	neutral
chr4	69749773	69749774	seq_1845	neutral
chr4	69886190	69886191	seq_690	neutral
chr4	69968865	69968866	seq_238	activating
chr4	74472388	74472389	seq_650	activating
chr4	77222635	77222636	seq_290	activating
chr4	77380799	77380800	seq_995	neutral
chr4	80130575	80130576	seq_1443	neutral
chr4	82711866	82711867	seq_762	activating
chr4	87882139	87882140	seq_1820	neutral
chr4	89675343	89675344	seq_87	activating
chr4	100324882	100324883	seq_160	activating
chr4	100644851	100644852	seq_416	neutral
chr4	100763665	100763666	seq_2063	neutral
chr4	107183413	107183414	seq_1634	neutral
chr4	109974175	109974176	seq_657	neutral
chr4	113004229	113004230	seq_1417	neutral
chr4	113074616	113074617	seq_867	neutral
chr4	114469336	114469337	seq_1767	neutral
chr4	114567181	114567182	seq_297	activating
chr4	122912258	122912259	seq_916	neutral
chr4	124475809	124475810	seq_415	neutral
chr4	124509573	124509574	seq_1824	neutral
chr4	129439034	129439035	seq_199	activating
chr4	139268827	139268828	seq_1648	neutral
chr4	139694660	139694661	seq_163	activating
chr4	139695570	139695571	seq_1352	neutral
chr4	140763224	140763225	seq_2117	neutral
chr4	141563926	141563927	seq_1875	neutral
chr4	144273399	144273400	seq_1522	neutral
chr4	152188700	152188701	seq_1705	neutral
chr4	154385356	154385357	seq_538	neutral
chr4	158916153	158916154	seq_19	activating
chr4	158916280	158916281	seq_1023	activating
chr4	166424052	166424053	seq_949	activating
chr4	170165120	170165121	seq_1001	neutral
chr4	174196875	174196876	seq_1591	neutral
chr4	174444199	174444200	seq_1970	neutral
chr4	184075267	184075268	seq_2038	neutral
chr4	184430042	184430043	seq_1527	neutral
chr4	185269892	185269893	seq_784	neutral
chr4	185307960	185307961	seq_854	activating
chr4	185667456	185667457	seq_1332	neutral
chr4	187677206	187677207	seq_582	activating
chr4	187728194	187728195	seq_393	neutral
chr4	187728510	187728511	seq_1876	neutral
chr4	187857965	187857966	seq_1246	neutral
chr5	14205238	14205239	seq_1173	neutral
chr5	14915031	14915032	seq_1803	neutral
chr5	15008293	15008294	seq_2035	neutral
chr5	33460533	33460534	seq_945	neutral
chr5	33475426	33475427	seq_1239	neutral
chr5	35238114	35238115	seq_1409	neutral
chr5	35485212	35485213	seq_869	neutral
chr5	37435190	37435191	seq_1485	neutral
chr5	37718044	37718045	seq_2207	neutral
chr5	38528012	38528013	seq_2015	neutral
chr5	38608376	38608377	seq_1003	neutral
chr5	40784557	40784558	seq_12	activating
chr5	42844146	42844147	seq_2054	neutral
chr5	42854974	42854975	seq_427	activating
chr5	42950933	42950934	seq_35	activating
chr5	52253659	52253660	seq_1600	neutral
chr5	52300264	52300265	seq_1052	activating
chr5	52771465	52771466	seq_1715	neutral
chr5	53621673	53621674	seq_36	neutral
chr5	54040380	54040381	seq_222	activating
chr5	55654092	55654093	seq_2237	neutral
chr5	55654901	55654902	seq_104	activating
chr5	55726458	55726459	seq_1965	neutral
chr5	57758243	57758244	seq_670	neutral
chr5	59744540	59744541	seq_2072	neutral
chr5	59837811	59837812	seq_1852	neutral
chr5	60872585	60872586	seq_1792	neutral
chr5	67066348	67066349	seq_1525	neutral
chr5	67111284	67111285	seq_951	neutral
chr5	67580960	67580961	seq_442	neutral
chr5	67581096	67581097	seq_436	activating
chr5	67581097	67581098	seq_437	activating
chr5	67640438	67640439	seq_431	activating
chr5	68342389	68342390	seq_182	activating
chr5	68739674	68739675	seq_1053	neutral
chr5	68813878	68813879	seq_1353	neutral
chr5	71601236	71601237	seq_1129	neutral
chr5	72969136	72969137	seq_815	neutral
chr5	73153108	73153109	seq_703	activating
chr5	73795323	73795324	seq_1832	neutral
chr5	73891092	73891093	seq_1976	neutral
chr5	75615735	75615736	seq_83	neutral
chr5	76243284	76243285	seq_848	activating
chr5	77624753	77624754	seq_287	neutral
chr5	77995833	77995834	seq_185	activating
chr5	78834856	78834857	seq_1684	neutral
chr5	78843950	78843951	seq_1469	neutral
chr5	79525354	79525355	seq_1282	neutral
chr5	79927917	79927918	seq_555	activating
chr5	80649311	80649312	seq_750	neutral
chr5	81149461	81149462	seq_187	neutral
chr5	81683295	81683296	seq_1733	neutral
chr5	81919265	81919266	seq_270	neutral
chr5	88082057	88082058	seq_667	neutral
chr5	89954627	89954628	seq_1900	neutral
chr5	90163054	90163055	seq_1311	neutral
chr5	90194918	90194919	seq_349	activating
chr5	90195096	90195097	seq_1635	neutral
chr5	90207276	90207277	seq_1894	neutral
chr5	92244124	92244125	seq_2083	neutral
chr5	92282613	92282614	seq_967	neutral
chr5	92305683	92305684	seq_1179	neutral
chr5	92306717	92306718	seq_1391	neutral
chr5	92582436	92582437	seq_1790	neutral
chr5	95429801	95429802	seq_2110	neutral
chr5	95460232	95460233	seq_1295	neutral
chr5	95462255	95462256	seq_686	neutral
chr5	95635165	95635166	seq_1510	neutral
chr5	102607838	102607839	seq_959	activating
chr5	108903287	108903288	seq_1170	neutral
chr5	111079129	111079130	seq_1791	neutral
chr5	112338638	112338639	seq_1212	neutral
chr5	118605005	118605006	seq_2069	neutral
chr5	118660151	118660152	seq_1273	activating
chr5	119846150	119846151	seq_495	neutral
chr5	123917129	123917130	seq_1940	neutral
chr5	123970279	123970280	seq_2018	neutral
chr5	131758951	131758952	seq_1062	neutral
chr5	131831349	131831350	seq_1201	neutral
chr5	131836886	131836887	seq_2276	neutral
chr5	133434903	133434904	seq_2239	neutral
chr5	133635449	133635450	seq_1646	neutral
chr5	133962212	133962213	seq_267	activating
chr5	134366950	134366951	seq_2228	neutral
chr5	134528377	134528378	seq_2042	neutral
chr5	139089844	139089845	seq_2004	neutral
chr5	139089846	139089847	seq_1559	neutral
chr5	139559652	139559653	seq_1563	neutral
chr5	139596223	139596224	seq_1288	neutral
chr5	141740274	141740275	seq_1516	neutral
chr5	142199634	142199635	seq_761	neutral
chr5	142202000	142202001	seq_467	activating
chr5	142202336	142202337	seq_1669	neutral
chr5	142213243	142213244	seq_1795	neutral
chr5	142214773	142214774	seq_1730	neutral
chr5	142579147	142579148	seq_1884	neutral
chr5	142975956	142975957	seq_27	activating
chr5	149185571	149185572	seq_202	activating
chr5	149517017	149517018	seq_1571	neutral
chr5	158609959	158609960	seq_483	activating
chr5	169692670	169692671	seq_1895	neutral
chr5	172309076	172309077	seq_1971	neutral
chr5	172731018	172731019	seq_920	neutral
chr5	173209271	173209272	seq_276	activating
chr5	173216352	173216353	seq_2183	neutral
chr5	173277727	173277728	seq_1400	neutral
chr5	173280371	173280372	seq_1142	neutral
chr5	173359796	173359797	seq_644	activating
chr5	173369952	173369953	seq_923	neutral
chr5	179520806	179520807	seq_81	neutral
chr5	180560810	180560811	seq_918	neutral
chr5	180616547	180616548	seq_992	neutral
chr5	180616549	180616550	seq_740	neutral
chr5	180616551	180616552	seq_1762	neutral
chr6	1044137	1044138	seq_1349	neutral
chr6	1325753	1325754	seq_1732	neutral
chr6	1703152	1703153	seq_420	neutral
chr6	3365160	3365161	seq_1253	neutral
chr6	3381730	3381731	seq_1764	neutral
chr6	3400569	3400570	seq_843	activating
chr6	3410964	3410965	seq_213	activating
chr6	3443127	3443128	seq_1279	neutral
chr6	3748639	3748640	seq_1446	neutral
chr6	4109902	4109903	seq_858	activating
chr6	4733362	4733363	seq_941	neutral
chr6	5126048	5126049	seq_1290	neutral
chr6	5294447	5294448	seq_1812	neutral
chr6	7119972	7119973	seq_1134	neutral
chr6	7136206	7136207	seq_1411	neutral
chr6	7140199	7140200	seq_1968	neutral
chr6	7165568	7165569	seq_1639	neutral
chr6	7197205	7197206	seq_866	neutral
chr6	7242242	7242243	seq_2238	neutral
chr6	7907782	7907783	seq_2118	neutral
chr6	8066079	8066080	seq_840	neutral
chr6	10519303	10519304	seq_266	activating
chr6	11098168	11098169	seq_540	neutral
chr6	11203109	11203110	seq_1601	neutral
chr6	11252335	11252336	seq_1156	neutral
chr6	11277526	11277527	seq_723	neutral
chr6	11297445	11297446	seq_1740	neutral
chr6	11367492	11367493	seq_1799	neutral
chr6	11434242	11434243	seq_646	activating
chr6	11921421	11921422	seq_738	neutral
chr6	12343982	12343983	seq_1388	neutral
chr6	13920314	13920315	seq_1945	neutral
chr6	14271274	14271275	seq_158	activating
chr6	14477272	14477273	seq_707	neutral
chr6	15063425	15063426	seq_2106	neutral
chr6	15067058	15067059	seq_844	neutral
chr6	15106816	15106817	seq_1483	neutral
chr6	15908581	15908582	seq_386	activating
chr6	16724282	16724283	seq_588	activating
chr6	16747474	16747475	seq_207	activating
chr6	17312189	17312190	seq_96	activating
chr6	17703770	17703771	seq_419	activating
chr6	20459755	20459756	seq_1207	neutral
chr6	22025998	22025999	seq_2167	neutral
chr6	24313541	24313542	seq_1729	neutral
chr6	24324426	24324427	seq_909	neutral
chr6	24324730	24324731	seq_1410	neutral
chr6	24329154	24329155	seq_1888	neutral
chr6	24329501	24329502	seq_1871	neutral
chr6	24342573	24342574	seq_801	neutral
chr6	24780027	24780028	seq_1338	neutral
chr6	24804071	24804072	seq_1629	neutral
chr6	25636329	25636330	seq_1747	neutral
chr6	26121761	26121762	seq_2045	neutral
chr6	26474023	26474024	seq_1614	neutral
chr6	29932800	29932801	seq_17	activating
chr6	30789644	30789645	seq_1382	neutral
chr6	30796366	30796367	seq_1825	neutral
chr6	31526996	31526997	seq_414	neutral
chr6	33807965	33807966	seq_1109	neutral
chr6	34212472	34212473	seq_296	activating
chr6	34625378	34625379	seq_28	activating
chr6	34634615	34634616	seq_785	neutral
chr6	34937571	34937572	seq_673	neutral
chr6	36067203	36067204	seq_981	activating
chr6	36483494	36483495	seq_2172	neutral
chr6	36928472	36928473	seq_111	neutral
chr6	37109841	37109842	seq_1296	neutral
chr6	37112424	37112425	seq_1642	neutral
chr6	37956089	37956090	seq_1157	neutral
chr6	41424651	41424652	seq_1144	neutral
chr6	41934914	41934915	seq_1164	neutral
chr6	42535180	42535181	seq_2290	neutral
chr6	43081579	43081580	seq_1979	neutral
chr6	43774326	43774327	seq_441	activating
chr6	43806576	43806577	seq_1470	neutral
chr6	43880472	43880473	seq_817	activating
chr6	43881513	43881514	seq_1250	neutral
chr6	43958993	43958994	seq_825	activating
chr6	44086308	44086309	seq_803	activating
chr6	44205325	44205326	seq_2070	neutral
chr6	45413781	45413782	seq_584	activating
chr6	47062448	47062449	seq_2263	neutral
chr6	49614158	49614159	seq_217	activating
chr6	50924764	50924765	seq_759	neutral
chr6	52228966	52228967	seq_1801	neutral
chr6	52236440	52236441	seq_804	neutral
chr6	52281544	52281545	seq_1847	neutral
chr6	52454056	52454057	seq_62	activating
chr6	52459821	52459822	seq_1606	neutral
chr6	52932788	52932789	seq_1666	neutral
chr6	56235503	56235504	seq_1408	neutral
chr6	64168676	64168677	seq_15	activating
chr6	64225851	64225852	seq_924	activating
chr6	64300322	64300323	seq_1916	neutral
chr6	64418640	64418641	seq_876	neutral
chr6	70873071	70873072	seq_339	neutral
chr6	82807744	82807745	seq_1749	neutral
chr6	88244149	88244150	seq_833	neutral
chr6	88244150	88244151	seq_832	neutral
chr6	88495118	88495119	seq_167	activating
chr6	88499869	88499870	seq_643	neutral
chr6	93074871	93074872	seq_210	activating
chr6	100678555	100678556	seq_1022	neutral
chr6	105515514	105515515	seq_875	activating
chr6	106595234	106595235	seq_1159	neutral
chr6	107862240	107862241	seq_978	neutral
chr6	107987807	107987808	seq_2242	neutral
chr6	107987811	107987812	seq_2084	neutral
chr6	112164947	112164948	seq_1677	neutral
chr6	114486653	114486654	seq_1780	neutral
chr6	114493914	114493915	seq_1422	neutral
chr6	114494204	114494205	seq_553	neutral
chr6	119494141	119494142	seq_1912	neutral
chr6	123378847	123378848	seq_1521	neutral
chr6	125425659	125425660	seq_1651	neutral
chr6	128385505	128385506	seq_1829	neutral
chr6	128690461	128690462	seq_1585	neutral
chr6	128819312	128819313	seq_1136	neutral
chr6	129822774	129822775	seq_1094	neutral
chr6	129999930	129999931	seq_523	activating
chr6	131136762	131136763	seq_835	activating
chr6	132049088	132049089	seq_912	neutral
chr6	132162748	132162749	seq_1407	neutral
chr6	132216437	132216438	seq_74	activating
chr6	132291753	132291754	seq_1444	neutral
chr6	132303709	132303710	seq_2256	neutral
chr6	133356721	133356722	seq_861	activating
chr6	134022900	134022901	seq_179	neutral
chr6	134571479	134571480	seq_1249	activating
chr6	135504690	135504691	seq_1911	neutral
chr6	137674103	137674104	seq_421	activating
chr6	137674118	137674119	seq_500	activating
chr6	137675267	137675268	seq_183	activating
chr6	137735078	137735079	seq_1337	neutral
chr6	138132619	138132620	seq_1303	neutral
chr6	138177862	138177863	seq_1308	neutral
chr6	138829168	138829169	seq_1083	activating
chr6	139796229	139796230	seq_1558	neutral
chr6	139840056	139840057	seq_985	neutral
chr6	139854907	139854908	seq_1043	activating
chr6	139907752	139907753	seq_1821	neutral
chr6	139910121	139910122	seq_251	activating
chr6	139969652	139969653	seq_792	neutral
chr6	142698705	142698706	seq_1865	neutral
chr6	143193373	143193374	seq_1886	neutral
chr6	143247040	143247041	seq_737	activating
chr6	143754522	143754523	seq_1404	neutral
chr6	144445149	144445150	seq_403	neutral
chr6	144969559	144969560	seq_559	activating
chr6	146225041	146225042	seq_531	activating
chr6	147217504	147217505	seq_2278	neutral
chr6	155808263	155808264	seq_1862	neutral
chr6	155813160	155813161	seq_2101	neutral
chr6	155849722	155849723	seq_1953	neutral
chr6	157933769	157933770	seq_1663	neutral
chr6	158655682	158655683	seq_1059	neutral
chr6	168233525	168233526	seq_1389	neutral
chr6	168333926	168333927	seq_1221	activating
chr7	512176	512177	seq_1192	neutral
chr7	2842392	2842393	seq_312	activating
chr7	3234240	3234241	seq_546	neutral
chr7	5497670	5497671	seq_630	activating
chr7	7176036	7176037	seq_996	neutral
chr7	8801904	8801905	seq_987	neutral
chr7	10775227	10775228	seq_1044	neutral
chr7	12811063	12811064	seq_2052	neutral
chr7	12982414	12982415	seq_2094	neutral
chr7	13057350	13057351	seq_1978	neutral
chr7	13889979	13889980	seq_2135	neutral
chr7	18215682	18215683	seq_1287	neutral
chr7	18217206	18217207	seq_275	neutral
chr7	22390340	22390341	seq_1396	neutral
chr7	22418063	22418064	seq_142	activating
chr7	22473789	22473790	seq_55	activating
chr7	23374465	23374466	seq_1204	neutral
chr7	24517561	24517562	seq_39	activating
chr7	24950816	24950817	seq_682	neutral
chr7	24960462	24960463	seq_1710	neutral
chr7	25535222	25535223	seq_1495	neutral
chr7	25979774	25979775	seq_1575	neutral
chr7	27173552	27173553	seq_1110	activating
chr7	27774738	27774739	seq_1037	activating
chr7	27774887	27774888	seq_585	neutral
chr7	29268995	29268996	seq_847	neutral
chr7	29332035	29332036	seq_383	activating
chr7	30294752	30294753	seq_259	activating
chr7	32708614	32708615	seq_1492	neutral
chr7	32869311	32869312	seq_1904	neutral
chr7	33230505	33230506	seq_1158	neutral
chr7	36566752	36566753	seq_148	activating
chr7	37071477	37071478	seq_698	neutral
chr7	43526789	43526790	seq_1091	neutral
chr7	43529059	43529060	seq_1994	neutral
chr7	43714362	43714363	seq_272	activating
chr7	44678491	44678492	seq_1784	neutral
chr7	47575327	47575328	seq_2027	neutral
chr7	47613523	47613524	seq_372	activating
chr7	47644712	47644713	seq_371	activating
chr7	50427804	50427805	seq_2253	neutral
chr7	54947922	54947923	seq_1566	neutral
chr7	55245967	55245968	seq_1055	neutral
chr7	56074853	56074854	seq_1068	activating
chr7	65590961	65590962	seq_1903	neutral
chr7	72278509	72278510	seq_2165	neutral
chr7	73027253	73027254	seq_805	activating
chr7	73721363	73721364	seq_193	activating
chr7	74651021	74651022	seq_932	activating
chr7	75357608	75357609	seq_2200	neutral
chr7	75745962	75745963	seq_826	activating
chr7	76002743	76002744	seq_781	neutral
chr7	80785316	80785317	seq_195	activating
chr7	86633497	86633498	seq_870	neutral
chr7	87126941	87126942	seq_1623	neutral
chr7	89897012	89897013	seq_713	activating
chr7	91197266	91197267	seq_931	activating
chr7	92439196	92439197	seq_59	activating
chr7	96463643	96463644	seq_2154	neutral
chr7	100291088	100291089	seq_908	neutral
chr7	100743568	100743569	seq_54	activating
chr7	100743613	100743614	seq_153	activating
chr7	100995751	100995752	seq_622	neutral
chr7	102064641	102064642	seq_1002	activating
chr7	102323151	102323152	seq_1076	neutral
chr7	103651177	103651178	seq_491	neutral
chr7	106638127	106638128	seq_1119	activating
chr7	107420319	107420320	seq_278	activating
chr7	107608605	107608606	seq_1505	neutral
chr7	107651097	107651098	seq_605	activating
chr7	107651782	107651783	seq_1917	neutral
chr7	110634855	110634856	seq_1217	neutral
chr7	111115416	111115417	seq_378	neutral
chr7	112214205	112214206	seq_1758	neutral
chr7	114754858	114754859	seq_1549	neutral
chr7	116377514	116377515	seq_636	activating
chr7	116412750	116412751	seq_7	activating
chr7	120721007	120721008	seq_1545	neutral
chr7	124402848	124402849	seq_1743	neutral
chr7	127023330	127023331	seq_2182	neutral
chr7	128467677	128467678	seq_2026	neutral
chr7	129360430	129360431	seq_530	neutral
chr7	129598641	129598642	seq_625	activating
chr7	130583636	130583637	seq_2065	neutral
chr7	134677555	134677556	seq_1687	neutral
chr7	134681282	134681283	seq_1844	neutral
chr7	135659332	135659333	seq_933	activating
chr7	137577623	137577624	seq_2024	neutral
chr7	139615156	139615157	seq_1915	neutral
chr7	143604476	143604477	seq_1304	neutral
chr7	148420644	148420645	seq_1381	neutral
chr7	148561203	148561204	seq_1368	neutral
chr7	151101788	151101789	seq_1580	neutral
chr7	153671452	153671453	seq_1846	neutral
chr7	155476106	155476107	seq_1524	neutral
chr7	158377352	158377353	seq_1686	neutral
chr8	2593227	2593228	seq_1360	neutral
chr8	8226570	8226571	seq_1736	neutral
chr8	8285510	8285511	seq_2151	neutral
chr8	8318926	8318927	seq_1870	neutral
chr8	10634949	10634950	seq_424	neutral
chr8	11576369	11576370	seq_121	activating
chr8	13215013	13215014	seq_2130	neutral
chr8	17186794	17186795	seq_1045	neutral
chr8	17646176	17646177	seq_2125	neutral
chr8	17652627	17652628	seq_970	neutral
chr8	19318159	19318160	seq_1869	neutral
chr8	22227569	22227570	seq_1813	neutral
chr8	23366187	23366188	seq_373	neutral
chr8	23377572	23377573	seq_2103	neutral
chr8	23390787	23390788	seq_1224	neutral
chr8	26123537	26123538	seq_1150	neutral
chr8	26248681	26248682	seq_391	neutral
chr8	26248746	26248747	seq_260	neutral
chr8	26438654	26438655	seq_2093	neutral
chr8	27187244	27187245	seq_1196	neutral
chr8	28585120	28585121	seq_2126	neutral
chr8	29834372	29834373	seq_1804	neutral
chr8	30359543	30359544	seq_1659	neutral
chr8	30361734	30361735	seq_1555	neutral
chr8	30410103	30410104	seq_696	activating
chr8	30410104	30410105	seq_697	activating
chr8	39787395	39787396	seq_852	neutral
chr8	39892362	39892363	seq_661	neutral
chr8	39912341	39912342	seq_150	activating
chr8	40019957	40019958	seq_2158	neutral
chr8	40030078	40030079	seq_1454	neutral
chr8	40032512	40032513	seq_269	activating
chr8	40057504	40057505	seq_1379	neutral
chr8	41680784	41680785	seq_501	neutral
chr8	42310695	42310696	seq_708	activating
chr8	50044146	50044147	seq_304	neutral
chr8	53116246	53116247	seq_354	neutral
chr8	53116312	53116313	seq_1838	neutral
chr8	53126840	53126841	seq_1309	neutral
chr8	53303402	53303403	seq_390	activating
chr8	55066189	55066190	seq_774	activating
chr8	56762127	56762128	seq_1486	neutral
chr8	58716960	58716961	seq_14	activating
chr8	58717011	58717012	seq_42	activating
chr8	59390657	59390658	seq_338	activating
chr8	62680142	62680143	seq_574	activating
chr8	62680192	62680193	seq_71	activating
chr8	62789509	62789510	seq_61	activating
chr8	62791498	62791499	seq_2044	neutral
chr8	71244416	71244417	seq_2193	neutral
chr8	73019724	73019725	seq_509	activating
chr8	80673331	80673332	seq_928	neutral
chr8	81838691	81838692	seq_108	activating
chr8	82771165	82771166	seq_853	neutral
chr8	86855760	86855761	seq_1390	neutral
chr8	86971563	86971564	seq_208	neutral
chr8	86973549	86973550	seq_1891	neutral
chr8	87268146	87268147	seq_29	activating
chr8	91180398	91180399	seq_124	neutral
chr8	91240837	91240838	seq_1154	neutral
chr8	98227087	98227088	seq_888	neutral
chr8	98244156	98244157	seq_1879	neutral
chr8	100047084	100047085	seq_2213	neutral
chr8	100047086	100047087	seq_1660	neutral
chr8	100645886	100645887	seq_1713	neutral
chr8	100783567	100783568	seq_777	neutral
chr8	101738806	101738807	seq_1112	activating
chr8	102038677	102038678	seq_428	activating
chr8	102162027	102162028	seq_220	activating
chr8	102388591	102388592	seq_692	activating
chr8	106337887	106337888	seq_1377	neutral
chr8	106587625	106587626	seq_589	neutral
chr8	106646129	106646130	seq_456	activating
chr8	108117141	108117142	seq_1186	neutral
chr8	117877280	117877281	seq_1135	neutral
chr8	120908189	120908190	seq_57	activating
chr8	121819127	121819128	seq_1269	neutral
chr8	125631211	125631212	seq_1088	neutral
chr8	125663507	125663508	seq_564	neutral
chr8	125780495	125780496	seq_2128	neutral
chr8	125908512	125908513	seq_2267	neutral
chr8	126187727	126187728	seq_2132	neutral
chr8	126204279	126204280	seq_1481	neutral
chr8	126231632	126231633	seq_31	activating
chr8	126231787	126231788	seq_2137	neutral
chr8	126231849	126231850	seq_1587	neutral
chr8	126422835	126422836	seq_1604	neutral
chr8	126446212	126446213	seq_2139	neutral
chr8	128858567	128858568	seq_1992	neutral
chr8	128866616	128866617	seq_308	activating
chr8	128872145	128872146	seq_1213	neutral
chr8	128913731	128913732	seq_634	neutral
chr8	129189223	129189224	seq_315	activating
chr8	129569109	129569110	seq_33	activating
chr8	131009640	131009641	seq_1709	neutral
chr8	131543525	131543526	seq_1902	neutral
chr8	131685155	131685156	seq_239	neutral
chr8	134441335	134441336	seq_1210	neutral
chr8	137053722	137053723	seq_1343	neutral
chr8	140399234	140399235	seq_548	neutral
chr8	141538883	141538884	seq_2179	neutral
chr8	141929043	141929044	seq_1218	neutral
chr8	145587542	145587543	seq_2203	neutral
chr9	694023	694024	seq_1796	neutral
chr9	694919	694920	seq_1878	neutral
chr9	5839478	5839479	seq_261	activating
chr9	5876912	5876913	seq_1004	neutral
chr9	6665102	6665103	seq_135	activating
chr9	6877702	6877703	seq_2075	neutral
chr9	6877729	6877730	seq_1413	neutral
chr9	19650719	19650720	seq_683	activating
chr9	32257561	32257562	seq_1275	neutral
chr9	35109396	35109397	seq_90	neutral
chr9	35920310	35920311	seq_802	activating
chr9	36503781	36503782	seq_799	activating
chr9	37199245	37199246	seq_1341	neutral
chr9	38039265	38039266	seq_350	neutral
chr9	38039386	38039387	seq_1963	neutral
chr9	38389579	38389580	seq_1026	neutral
chr9	71345395	71345396	seq_1511	neutral
chr9	71345415	71345416	seq_1087	activating
chr9	72368993	72368994	seq_1983	neutral
chr9	73085900	73085901	seq_1877	neutral
chr9	73100346	73100347	seq_1702	neutral
chr9	73100435	73100436	seq_1324	neutral
chr9	74292819	74292820	seq_1636	neutral
chr9	74356441	74356442	seq_2129	neutral
chr9	74378089	74378090	seq_224	activating
chr9	75443275	75443276	seq_550	activating
chr9	75640637	75640638	seq_1155	neutral
chr9	77392493	77392494	seq_2295	neutral
chr9	85216016	85216017	seq_691	activating
chr9	88900286	88900287	seq_1822	neutral
chr9	90228308	90228309	seq_321	activating
chr9	90289668	90289669	seq_2230	neutral
chr9	93955239	93955240	seq_526	activating
chr9	93959589	93959590	seq_379	activating
chr9	96921546	96921547	seq_1827	neutral
chr9	97370807	97370808	seq_2287	neutral
chr9	97370863	97370864	seq_1831	neutral
chr9	97509207	97509208	seq_989	neutral
chr9	97509620	97509621	seq_1268	neutral
chr9	97756127	97756128	seq_1967	neutral
chr9	97793090	97793091	seq_2071	neutral
chr9	98224650	98224651	seq_2037	neutral
chr9	98225179	98225180	seq_1840	neutral
chr9	99105932	99105933	seq_638	neutral
chr9	99182823	99182824	seq_544	activating
chr9	99326496	99326497	seq_2257	neutral
chr9	100265942	100265943	seq_268	neutral
chr9	100700570	100700571	seq_305	neutral
chr9	100702128	100702129	seq_1025	neutral
chr9	101095028	101095029	seq_175	activating
chr9	101649188	101649189	seq_1817	neutral
chr9	101697588	101697589	seq_763	neutral
chr9	104200472	104200473	seq_1333	neutral
chr9	104224997	104224998	seq_257	activating
chr9	107677329	107677330	seq_1412	neutral
chr9	108409981	108409982	seq_228	neutral
chr9	110546946	110546947	seq_40	neutral
chr9	111538477	111538478	seq_53	activating
chr9	111896241	111896242	seq_1588	neutral
chr9	112239936	112239937	seq_98	activating
chr9	114397398	114397399	seq_227	activating
chr9	114881861	114881862	seq_739	activating
chr9	115100065	115100066	seq_25	activating
chr9	116310684	116310685	seq_747	neutral
chr9	116468102	116468103	seq_793	activating
chr9	119227573	119227574	seq_254	neutral
chr9	123446895	123446896	seq_171	activating
chr9	125094630	125094631	seq_434	neutral
chr9	126352065	126352066	seq_1592	neutral
chr9	126441141	126441142	seq_1981	neutral
chr9	126441939	126441940	seq_693	activating
chr9	126685379	126685380	seq_1720	neutral
chr9	126965001	126965002	seq_159	neutral
chr9	127358227	127358228	seq_704	activating
chr9	127483583	127483584	seq_1942	neutral
chr9	130977289	130977290	seq_1735	neutral
chr9	131706735	131706736	seq_1691	neutral
chr9	132311059	132311060	seq_402	neutral
chr9	132321248	132321249	seq_89	activating
chr9	134553335	134553336	seq_883	neutral
chr9	135859760	135859761	seq_535	neutral
chr9	135879641	135879642	seq_41	activating
chr9	135879693	135879694	seq_506	neutral
chr9	136010149	136010150	seq_1271	neutral
chr9	136678373	136678374	seq_1962	neutral
chr9	137236265	137236266	seq_298	activating
chr9	139002723	139002724	seq_1238	neutral
chr9	139130172	139130173	seq_1058	neutral
chr9	140163595	140163596	seq_2266	neutral
chrX	2576059	2576060	seq_1348	neutral
chrX	11273036	11273037	seq_1181	activating
chrX	11480403	11480404	seq_58	activating
chrX	16844398	16844399	seq_2265	neutral
chrX	18191915	18191916	seq_384	neutral
chrX	19584531	19584532	seq_2081	neutral
chrX	30644822	30644823	seq_1704	neutral
chrX	30894302	30894303	seq_1808	neutral
chrX	37512355	37512356	seq_627	neutral
chrX	38202545	38202546	seq_122	activating
chrX	39309994	39309995	seq_1326	neutral
chrX	39950943	39950944	seq_746	activating
chrX	39966679	39966680	seq_2147	neutral
chrX	39966681	39966682	seq_114	neutral
chrX	39966683	39966684	seq_2180	neutral
chrX	39977317	39977318	seq_767	neutral
chrX	40027354	40027355	seq_570	neutral
chrX	40027356	40027357	seq_1440	neutral
chrX	40294400	40294401	seq_944	activating
chrX	40861885	40861886	seq_2040	neutral
chrX	43537435	43537436	seq_1222	neutral
chrX	43553793	43553794	seq_1668	neutral
chrX	43562043	43562044	seq_2116	neutral
chrX	46181802	46181803	seq_952	neutral
chrX	46828227	46828228	seq_940	activating
chrX	48571952	48571953	seq_1543	neutral
chrX	49012733	49012734	seq_76	neutral
chrX	49013750	49013751	seq_2245	neutral
chrX	69387259	69387260	seq_1755	neutral
chrX	70437498	70437499	seq_1931	neutral
chrX	73471008	73471009	seq_480	activating
chrX	85625668	85625669	seq_2009	neutral
chrX	105252030	105252031	seq_3	activating
chrX	119414886	119414887	seq_2162	neutral
chrX	120143507	120143508	seq_1105	neutral
chrX	120295539	120295540	seq_2059	neutral
chrX	128274083	128274084	seq_1049	neutral
chrX	128274631	128274632	seq_1317	neutral
chrX	128280759	128280760	seq_1356	neutral
chrX	129728547	129728548	seq_234	neutral
chrX	131151364	131151365	seq_794	neutral
chrX	131618062	131618063	seq_1615	neutral
chrX	133153839	133153840	seq_492	activating
chrX	138007748	138007749	seq_215	activating
chrX	150110289	150110290	seq_1961	neutral
chrX	152892524	152892525	seq_232	activating
chrX	153267794	153267795	seq_190	activating
